year,definition,sex,pop_share,hisp_share,mean_ln_earn_nominal,duncan_vs_prev_year,n
2017,"W_literal (RAC1P==1, paper code)",M,0.35622626431518817,0.17607765884290139,10.917497366132544,,438763
2017,"W_literal (RAC1P==1, paper code)",F,0.3505835464897892,0.1726763855818424,10.661945338138532,,439356
2017,W_bridged (WA + Hisp&RACWHT&~RACBLK),M,0.35818544059885743,0.18058428844705676,10.91624551377652,,440964
2017,W_bridged (WA + Hisp&RACWHT&~RACBLK),F,0.35237133064774645,0.1768738781776271,10.661059439895903,,441583
2017,W_nonhisp (NH white alone),M,0.29350277767621724,0.0,10.985293129001578,,378473
2017,W_nonhisp (NH white alone),F,0.2900460468374686,0.0,10.710558929908105,,377011
2017,"B_alone (RAC1P==2, paper code)",M,0.06290694929035971,0.02930899912745136,10.587187845801019,,58958
2017,"B_alone (RAC1P==2, paper code)",F,0.06891235100235715,0.029370923151979474,10.479133675142137,,62140
2018,"W_literal (RAC1P==1, paper code)",M,0.3550662744815719,0.18036114300075698,10.945381578710343,0.011905839911379126,439985
2018,"W_literal (RAC1P==1, paper code)",F,0.3488974218329982,0.17744223239776477,10.68812636148059,0.011456722902821502,438867
2018,W_bridged (WA + Hisp&RACWHT&~RACBLK),M,0.35719499369324703,0.1852458166729421,10.944287688545527,0.011775445848310157,442381
2018,W_bridged (WA + Hisp&RACWHT&~RACBLK),F,0.3508351901996198,0.18198546656099554,10.687295016243494,0.011395437082727475,441247
2018,W_nonhisp (NH white alone),M,0.29102611537505507,0.0,11.013424117695777,0.013284024051657607,379180
2018,W_nonhisp (NH white alone),F,0.28698828442512636,0.0,10.738226096598458,0.012687171018570963,375918
2018,"B_alone (RAC1P==2, paper code)",M,0.06361179540738637,0.029453078541828107,10.620507588131453,0.02967973402034365,57925
2018,"B_alone (RAC1P==2, paper code)",F,0.06931818265792485,0.029436066267675705,10.5013910073061,0.02612403011506566,60216
2019,"W_literal (RAC1P==1, paper code)",M,0.35358394523328446,0.1830381384245025,10.974372239399766,0.021454335145325378,438138
2019,"W_literal (RAC1P==1, paper code)",F,0.3472373083478256,0.18059282768576748,10.715206419043376,0.0229034899177549,436208
2019,W_bridged (WA + Hisp&RACWHT&~RACBLK),M,0.35583900397015894,0.1882154713281028,10.973121978885704,0.02133672036223625,440653
2019,W_bridged (WA + Hisp&RACWHT&~RACBLK),F,0.34931710228226653,0.18547148394302515,10.71431335885339,0.02296027956532895,438608
2019,W_nonhisp (NH white alone),M,0.2888645981209928,0.0,11.040738633122588,0.022717585416120168,377895
2019,W_nonhisp (NH white alone),F,0.28452874095529707,0.0,10.766261353037727,0.024533151407466175,374652
2019,"B_alone (RAC1P==2, paper code)",M,0.06423490828370619,0.033753825206431436,10.637069763157882,0.028964673784586552,56260
2019,"B_alone (RAC1P==2, paper code)",F,0.06997346009045324,0.030769328354878802,10.528962320022389,0.0245422948076777,57553
2021,"W_literal (RAC1P==1, paper code)",M,0.2966861631745838,0.05247859093230211,11.126978427458113,0.06480747987282223,369397
2021,"W_literal (RAC1P==1, paper code)",F,0.2889830434377529,0.05456845759980833,10.870103400247942,0.06353382826590066,362595
2021,W_bridged (WA + Hisp&RACWHT&~RACBLK),M,0.33732718458011984,0.16663552707148752,11.09029104201403,0.04157668196065853,408602
2021,W_bridged (WA + Hisp&RACWHT&~RACBLK),F,0.32717758844539524,0.1649376542475045,10.843574577967125,0.04572209717995357,401069
2021,W_nonhisp (NH white alone),M,0.2811164913820706,0.0,11.139916593346173,0.03277808066201192,353163
2021,W_nonhisp (NH white alone),F,0.27321368448485633,0.0,10.88206143511776,0.03722691950438605,345414
2021,"B_alone (RAC1P==2, paper code)",M,0.06106269916770444,0.018755997502233442,10.750235521614776,0.06517661836322079,56809
2021,"B_alone (RAC1P==2, paper code)",F,0.06552361124336256,0.022008012035719914,10.656230209241645,0.06215435746733165,55057
2022,"W_literal (RAC1P==1, paper code)",M,0.29625969789245565,0.055616895515233564,11.175782171981488,0.012553601602523402,384281
2022,"W_literal (RAC1P==1, paper code)",F,0.2857634707711644,0.0585333683252071,10.928632122852605,0.014242204325060182,378620
2022,W_bridged (WA + Hisp&RACWHT&~RACBLK),M,0.3367490323286186,0.16916568016632438,11.13976794081649,0.012241647691793933,424949
2022,W_bridged (WA + Hisp&RACWHT&~RACBLK),F,0.3232162578033667,0.16762611475348901,10.902531167549364,0.014166271978540732,418273
2022,W_nonhisp (NH white alone),M,0.27978265322939627,0.0,11.190694087873634,0.013005324566913806,366314
2022,W_nonhisp (NH white alone),F,0.2690367722826263,0.0,10.940545126944691,0.014433859120627095,359844
2022,"B_alone (RAC1P==2, paper code)",M,0.06172721447725722,0.022744198076066764,10.825168317001628,0.03878452060838235,56844
2022,"B_alone (RAC1P==2, paper code)",F,0.06587113528300056,0.02307574853078758,10.694688291820666,0.03206157934164504,54316
2023,"W_literal (RAC1P==1, paper code)",M,0.29210214476060226,0.05782702416098626,11.208136065856865,0.012714097789836062,386408
2023,"W_literal (RAC1P==1, paper code)",F,0.2854366212277969,0.06123558622059613,10.960623413442143,0.014427307454920171,379828
2023,W_bridged (WA + Hisp&RACWHT&~RACBLK),M,0.3326144543654167,0.17258332172268398,11.171886728218508,0.01183594223190227,427850
2023,W_bridged (WA + Hisp&RACWHT&~RACBLK),F,0.32359509760044014,0.17193509918698457,10.933540104568218,0.013762188958073272,420523
2023,W_nonhisp (NH white alone),M,0.27521074697805503,0.0,11.223063765818925,0.013141572936249808,367245
2023,W_nonhisp (NH white alone),F,0.2679577423980865,0.0,10.974502531156975,0.014912060555673005,359819
2023,"B_alone (RAC1P==2, paper code)",M,0.06153912353965956,0.022595051630613476,10.853403689964601,0.03253535693440631,55713
2023,"B_alone (RAC1P==2, paper code)",F,0.06598852538906554,0.02418032720370277,10.74186838120738,0.02729120085816699,52851
2024,"W_literal (RAC1P==1, paper code)",M,0.2877898302661582,0.060830493247025844,11.244440657340403,0.012662926835474157,386773
2024,"W_literal (RAC1P==1, paper code)",F,0.2815549723220047,0.06520665856344052,11.003430353890272,0.015457231928123833,380813
2024,W_bridged (WA + Hisp&RACWHT&~RACBLK),M,0.33003078556618354,0.18103569497037736,11.205408288473574,0.012479594273151332,428802
2024,W_bridged (WA + Hisp&RACWHT&~RACBLK),F,0.3210609119597751,0.18023121603809586,10.97524803795799,0.014565892369893502,421796
2024,W_nonhisp (NH white alone),M,0.27028343293958995,0.0,11.260961358578284,0.012708325068420814,367886
2024,W_nonhisp (NH white alone),F,0.2631957133749648,0.0,11.01750287104171,0.01569115155787007,360137
2024,"B_alone (RAC1P==2, paper code)",M,0.0612370172896848,0.024924111773262057,10.902840659940749,0.03795862878775834,55024
2024,"B_alone (RAC1P==2, paper code)",F,0.06568524277594533,0.02524983026521425,10.785989294604038,0.03290394781048337,52368
