hh,s2017,s2018,logratio
1,0.11425550196377546,0.1143628932796621,0.0009394810393200271
2,0.05741983681170273,0.05685012964913554,-0.009971331935809206
3,0.0013598311817338046,0.0014191823627059694,0.04272034389989714
4,0.013374432027274811,0.012924556763929477,-0.03421569974959024
5,0.021958863202568256,0.023362809937704038,0.061974590585542715
6,0.004686955072063721,0.0048176979235075934,0.027513071494350515
7,0.00780441074437624,0.008140308773527323,0.04213905824059251
8,0.027459288183232317,0.028224695246416805,0.027492834631757803
9,0.008995782513991447,0.009552631424793064,0.06006080045315792
10,0.008927267527021296,0.008109062905781545,-0.0961280465902637
11,0.06264919625598749,0.06315914298348345,0.00810676817404471
12,0.0015269359791256246,0.0015537482141030033,0.017407114990186816
13,0.004445607881576254,0.004762301628371738,0.0688144708742779
14,0.013001402026242214,0.013013933382230582,0.0009633823097655484
15,0.008019735073007198,0.00829960258815734,0.03430224466938566
16,0.019458684072594518,0.019175557212179797,-0.014657046166103032
17,0.01771562763162132,0.017960339293585738,0.013718787242092747
18,0.0054414873574639335,0.00580034569409725,0.06386508341046898
19,0.0009659115957040651,0.0008740120998945124,-0.09997809435778554
20,0.01746616463535851,0.017874581114137124,0.02311409413598647
21,0.09270638595088666,0.09156450087071778,-0.012393707072612371
22,0.021217972125118396,0.019433515364380507,-0.08784939270502691
23,0.009816845394612935,0.009947583436220165,0.013229823095276354
24,0.003840701110558307,0.0035930626347404383,-0.06664999039348396
25,0.011758792548715926,0.011835677757582489,0.0065172457789146
26,0.0005992268952337406,0.0005281624215601721,-0.12623646343903364
27,0.0009714607630497225,0.00045109085264669177,-0.7671321136682417
28,0.004801289308037844,0.004920628954448322,0.024551870916868918
29,0.020608716327872374,0.020524598436087154,-0.004090018493768168
30,0.0259901728642865,0.025760066930039512,-0.008893000367234439
31,0.017394797827910934,0.017618614871272153,0.01278482014197425
32,0.008739772213215882,0.0085590104731882,-0.020899542221730186
33,0.0033810708276945517,0.003340809122294146,-0.011979442413528224
34,0.013560144953281833,0.013406917057213493,-0.011364200153292044
35,0.0070477395936179585,0.0072555356486415255,0.02905777486933524
36,0.04139786971386853,0.04142994621644424,0.0007745345888696303
37,0.029349522326011325,0.02884006558025574,-0.017510684700219294
38,0.016690338757060188,0.01726510400318498,0.0338573202801914
39,0.02448323527625882,0.025029696244787694,0.02207436083467022
40,0.0030892345321713276,0.0030643933960120017,-0.008073699413559576
41,0.0046767598138569245,0.004723017404608375,0.009842353302113093
42,0.010998627917872799,0.01091382447429299,-0.00774024426409342
43,0.00101566398044982,0.0011284461048089182,0.10529899132967788
44,0.017145513070427963,0.016973471975409136,-0.010084857617887284
45,0.007568874138111527,0.0071850291300239325,-0.05204475578093227
46,0.006810135417507112,0.0066599429708106665,-0.022301083485913187
47,0.05293815340108704,0.05183005845169547,-0.02115405525483067
48,0.001157957939688037,0.0015088772150429607,0.2647077510694204
49,0.006814484443735186,0.006654309049730893,-0.023785789840404286
50,0.0027337669922455434,0.0025545235382924357,-0.0678147845288037
51,0.00039642681153280956,0.00044921680776869157,0.12501420154202483
52,0.0004971317221419025,0.0005130521980784346,0.0315225651628055
53,0.005939545921260999,0.006376514309293239,0.0709889153289124
54,0.003410028688125744,0.0030542099068636233,-0.11019976798316092
55,0.0018913273406286862,0.001873184467458737,-0.00963897289504858
56,0.0011016107200882354,0.0011100946087394445,0.007671845025723984
57,0.0002697822171644658,0.0002731508808028606,0.012409289024373344
58,0.003070507577702899,0.0032601544738654954,0.059931696187852275
59,0.0012451167030293581,0.0011231775635481252,-0.10306748428021446
60,0.002285425165438265,0.0020419427980449445,-0.11265036842365338
61,0.01477316679335483,0.014782854950376175,0.0006555792557151372
62,0.011736144341091038,0.011663383493264205,-0.0062190214137094815
63,0.005315579483385591,0.005375043584803165,0.01112464901237189
64,0.03715009499532836,0.03803641632220484,0.023577696860105576
65,0.004936204181790722,0.0049726307532013845,0.007352375076054075
66,0.01974375917706918,0.02035695981784944,0.030585408832109588
