occ2018,src2010,src1012,how,hhjk_candidates,n_hhjk
10,10,10,identity,1.0,1
20,20,20,identity,1.0,1
30,30,,identity,,0
40,40,40,identity,1.0,1
51,50,50,changed,1.0,1
52,50,50,changed,1.0,1
60,60,60,identity,1.0,1
101,100,100,changed,1.0,1
102,100,100,changed,1.0,1
110,110,110,identity,1.0,1
120,120,120,identity,1.0,1
135,135,135,identity,1.0,1
136,136,136,identity,1.0,1
137,137,137,identity,1.0,1
140,140,140,identity,1.0,1
150,150,150,identity,2.0,1
160,160,160,identity,29.0,1
205,205,205,identity,40.0,1
220,220,220,identity,1.0,1
230,230,230,identity,1.0,1
300,300,300,identity,1.0,1
310,310,310,identity,1.0,1
325,325,,identity,,0
335,330 430,330 430,changed,1.0,1
340,340,340,identity,1.0,1
350,350,350,identity,1.0,1
360,360,360,identity,1.0,1
400,400,,identity,,0
410,410,410,identity,1.0,1
420,420,420,identity,1.0,1
425,425,425,identity,2.0,1
426,430,430,changed,1.0,1
440,430,430,changed,1.0,1
500,500,500,identity,2.0,1
510,510,510,identity,2.0,1
520,520,520,identity,2.0,1
530,530,530,identity,2.0,1
540,540,540,identity,30.0,1
565,565,565,identity,2.0,1
600,600,600,identity,1.0,1
630,630,630,identity,2.0,1
640,640,640,identity,2.0,1
650,650,650,identity,2.0,1
700,700,700,identity,5.0,1
705,430 740 1107,430 740 1107,changed,1.0 2.0 5.0,3
710,710,710,identity,2.0,1
725,725,725,identity,1.0,1
726,726,726,identity,21.0,1
735,735,735,identity,13.0,1
750,740,740,changed,2.0,1
800,800,800,identity,2.0,1
810,810,810,identity,21.0,1
820,820,820,identity,2.0,1
830,830,830,identity,2.0,1
845,840,840,changed,2.0,1
850,850,850,identity,2.0,1
860,860,860,identity,2.0,1
900,900,900,identity,2.0,1
910,910,910,identity,2.0,1
930,930,930,identity,2.0,1
940,940,940,identity,2.0,1
960,840 950,840 950,changed,2.0,1
1005,1005,1005,identity,5.0,1
1006,1006,1006,identity,5.0,1
1007,1007,1007,identity,5.0,1
1010,1010,1010,identity,20.0,1
1021,1020,1020,changed,20.0,1
1022,1020 1107,1020 1107,changed,5.0 20.0,2
1031,1030,1030,changed,5.0,1
1032,1030 1107,1030 1107,changed,5.0,1
1050,1050,1050,identity,5.0,1
1065,1060 1107,1060 1107,changed,5.0,1
1105,1105,1105,identity,5.0,1
1106,1106,1106,identity,5.0,1
1108,1107 5800,1107 5800,changed,5.0 27.0,2
1200,1200,1200,identity,5.0,1
1210,1210,,identity,,0
1220,1220,1220,identity,5.0,1
1230,1230,,identity,,0
1240,1240,1240,identity,5.0,1
1305,1300,1300,changed,3.0,1
1306,1300,1300,changed,3.0,1
1310,1310,1310,identity,18.0,1
1320,1320,1320,identity,4.0,1
1330,1330,,identity,,0
1340,1340,1340,identity,4.0,1
1350,1350,1350,identity,4.0,1
1360,1360,1360,identity,4.0,1
1400,1400,1400,identity,4.0,1
1410,1410,1410,identity,4.0,1
1420,1420,1420,identity,4.0,1
1430,1430,1430,identity,4.0,1
1440,1440,1440,identity,4.0,1
1450,1450,1450,identity,4.0,1
1460,1460,1460,identity,4.0,1
1500,1500,,identity,,0
1510,1510,,identity,,0
1520,1520,1520,identity,4.0,1
1530,1530,1530,identity,4.0,1
1541,1540,1540,changed,18.0,1
1545,1540,1540,changed,18.0,1
1551,1550,1550,changed,18.0,1
1555,1550 9820,1550,changed,18.0,1
1560,1560,1560,identity,18.0,1
1600,1600,1600,identity,6.0,1
1610,1610,1610,identity,6.0,1
1640,1640,1640,identity,6.0,1
1650,1650,1650,identity,6.0,1
1660,1660,,identity,,0
1700,1700,1700,identity,6.0,1
1710,1710,1710,identity,6.0,1
1720,1720,1720,identity,6.0,1
1745,1740,1740,changed,6.0,1
1750,1740,1740,changed,6.0,1
1760,1760,1760,identity,6.0,1
1800,1800,1800,identity,13.0,1
1815,1815,,identity,,0
1821,1820,1820,changed,13.0,1
1822,1820,1820,changed,13.0,1
1825,1820,1820,changed,13.0,1
1830,1830,,identity,,0
1840,1840,1840,identity,13.0,1
1860,1860,1860,identity,13.0,1
1900,1900,1900,identity,19.0,1
1910,1910,1910,identity,19.0,1
1920,1920,1920,identity,19.0,1
1935,1930 1965,1930 1965,changed,18.0 19.0,2
1940,1940,,identity,,0
1950,1950,,identity,,0
1970,1965,1965,changed,18.0,1
1980,3540,3540,changed,17.0,1
2001,2000,2000,changed,11.0,1
2002,2000,2000,changed,11.0,1
2003,2000,2000,changed,11.0,1
2004,2000,2000,changed,11.0,1
2005,2000,2000,changed,11.0,1
2006,2000,2000,changed,11.0,1
2011,2010,2010,changed,14.0,1
2012,2010,2010,changed,14.0,1
2013,2010,2010,changed,14.0,1
2014,2010,2010,changed,14.0,1
2015,2015,2015,identity,39.0,1
2016,2016,2016,identity,39.0,1
2025,2025,2025,identity,39.0,1
2040,2040,2040,identity,14.0,1
2050,2050,2050,identity,14.0,1
2060,2060,2060,identity,14.0,1
2100,2100,2100,identity,15.0,1
2105,2105,2105,identity,15.0,1
2110,2110,,identity,,0
2145,2145,2145,identity,20.0,1
2170,2160,2160,changed,20.0,1
2180,2160,2160,changed,20.0,1
2205,2200,2200,changed,10.0,1
2300,2300,2300,identity,11.0,1
2310,2310,2310,identity,11.0,1
2320,2320,2320,identity,11.0,1
2330,2330,2330,identity,11.0,1
2350,2340,2340,changed,11.0,1
2360,2340,2340,changed,11.0,1
2400,2400,2400,identity,12.0,1
2435,2430 2550,2430 2550,changed,11.0 12.0,2
2440,2440,2440,identity,24.0,1
2545,2200 2540,2200 2540,changed,10.0 11.0,2
2555,2550,2550,changed,11.0,1
2600,2600,2600,identity,16.0,1
2631,2630,2630,changed,16.0,1
2632,2630,2630,changed,16.0,1
2633,2630,2630,changed,16.0,1
2634,2630,2630,changed,16.0,1
2635,2630,2630,changed,16.0,1
2636,2630,2630,changed,16.0,1
2640,2630,2630,changed,16.0,1
2700,2700,2700,identity,16.0,1
2710,2710,2710,identity,16.0,1
2721,2720,2720,changed,16.0,1
2722,2720,2720,changed,16.0,1
2723,2720,2720,changed,16.0,1
2740,2740,2740,identity,16.0,1
2751,2750,2750,changed,16.0,1
2752,2750,2750,changed,16.0,1
2755,2760,2760,changed,16.0,1
2770,2760,2760,changed,16.0,1
2805,2800,2800,changed,16.0,1
2810,2810,2810,identity,16.0,1
2825,2825,2825,identity,1.0,1
2830,2830,2830,identity,16.0,1
2840,2840,2840,identity,16.0,1
2850,2850,2850,identity,16.0,1
2861,2860,2860,changed,16.0,1
2862,2160,2160,changed,20.0,1
2865,2800 2860,2800 2860,changed,16.0,1
2905,2900 2960,2900,changed,20.0,1
2910,2910,2910,identity,16.0,1
2920,2920,2920,identity,16.0,1
2970,2960,,changed,,0
3000,3000,3000,identity,7.0,1
3010,3010,3010,identity,7.0,1
3030,3030,3030,identity,8.0,1
3040,3040,3040,identity,7.0,1
3050,3050,3050,identity,8.0,1
3065,3060,3060,changed,7.0,1
3070,3060,3060,changed,7.0,1
3090,3060,3060,changed,7.0,1
3100,3060,3060,changed,7.0,1
3110,3110,3110,identity,9.0,1
3120,3120,3120,identity,7.0,1
3140,3140,3140,identity,9.0,1
3150,3150,3150,identity,9.0,1
3160,3160,3160,identity,9.0,1
3200,3200,3200,identity,9.0,1
3210,3210,3210,identity,9.0,1
3220,3220,3220,identity,9.0,1
3230,3230,3230,identity,9.0,1
3235,3235,,identity,,0
3245,3245,3245,identity,9.0,1
3250,3250,3250,identity,7.0,1
3255,3255,3255,identity,8.0,1
3256,3256,3256,identity,8.0,1
3257,3257,,identity,,0
3258,3258,3258,identity,8.0,1
3261,3260,3260,changed,7.0,1
3270,3260,3260,changed,7.0,1
3300,3300,3300,identity,17.0,1
3310,3310,3310,identity,17.0,1
3321,3320,3320,changed,17.0,1
3322,3320,3320,changed,17.0,1
3323,3320,3320,changed,17.0,1
3324,3320,3320,changed,17.0,1
3330,3320,3320,changed,17.0,1
3401,3400,3400,changed,17.0,1
3402,3400,3400,changed,17.0,1
3421,3420,3420,changed,53.0,1
3422,3420,3420,changed,53.0,1
3423,3420,3420,changed,53.0,1
3424,3420,3420,changed,53.0,1
3430,3420,3420,changed,53.0,1
3500,3500,3500,identity,17.0,1
3515,3510,3510,changed,17.0,1
3520,3520,3520,identity,53.0,1
3545,3420 3535,3420 3535,changed,17.0 53.0,2
3550,3510 3540,3510 3540,changed,17.0,1
3601,3600,3600,changed,37.0,1
3602,4610,4610,changed,37.0,1
3603,3600,3600,changed,37.0,1
3605,3600,3600,changed,37.0,1
3610,3610,3610,identity,9.0,1
3620,3620,3620,identity,9.0,1
3630,3630,3630,identity,39.0,1
3640,3640,3640,identity,37.0,1
3645,3645,3645,identity,37.0,1
3646,3646,3646,identity,37.0,1
3647,3647,3647,identity,37.0,1
3648,3648,3648,identity,37.0,1
3649,3649,3649,identity,37.0,1
3655,3655,3655,identity,37.0,1
3700,3700,3700,identity,34.0,1
3710,3710,3710,identity,34.0,1
3720,3720,3720,identity,33.0,1
3725,3730,3730,changed,35.0,1
3735,3730,3730,changed,35.0,1
3740,3740,3740,identity,33.0,1
3750,3750,3750,identity,33.0,1
3801,3800,3800,changed,34.0,1
3802,3800,3800,changed,34.0,1
3820,3820,3820,identity,34.0,1
3830,3830,,identity,,0
3840,3840,3840,identity,34.0,1
3870,3850 3860,3850,changed,34.0,1
3900,3900,3900,identity,35.0,1
3910,3910,3910,identity,34.0,1
3930,3930,3930,identity,35.0,1
3940,3940,3940,identity,35.0,1
3945,3945,3945,identity,2.0,1
3946,3955,3955,changed,35.0,1
3960,3955,3955,changed,35.0,1
4000,4000,4000,identity,36.0,1
4010,4010,4010,identity,36.0,1
4020,4020,4020,identity,36.0,1
4030,4030,4030,identity,36.0,1
4040,4040,4040,identity,36.0,1
4055,4050 4060,4050 4060,changed,36.0,1
4110,4110,4110,identity,36.0,1
4120,4120,4120,identity,36.0,1
4130,4130,4130,identity,36.0,1
4140,4140,4140,identity,36.0,1
4150,4150,4150,identity,39.0,1
4160,4160,4130,identity+ipums_note,36.0,1
4200,4200,4200,identity,38.0,1
4210,4210,4210,identity,42.0,1
4220,4220,4220,identity,38.0,1
4230,4230,4230,identity,32.0,1
4240,4240,4240,identity,38.0,1
4251,4250,4250,changed,42.0,1
4252,4250,4250,changed,42.0,1
4255,4250,4250,changed,42.0,1
4330,4300 4320,4300 4320,changed,1.0 39.0,2
4340,4340,4340,identity,41.0,1
4350,4350,4350,identity,42.0,1
4400,4400,4400,identity,39.0,1
4420,4420,4420,identity,39.0,1
4435,4410 4430,4410 4430,changed,39.0 61.0,2
4461,4460 4650,4460 4650,changed,39.0,1
4465,4465,4465,identity,1.0,1
4500,4500,4500,identity,39.0,1
4510,4510,4510,identity,39.0,1
4521,4520,4520,changed,39.0,1
4522,4520,4520,changed,39.0,1
4525,4520,4520,changed,39.0,1
4530,4530,4530,identity,39.0,1
4540,4540,4540,identity,39.0,1
4600,4600,4600,identity,39.0,1
4621,4620,4620,changed,14.0,1
4622,4620,4620,changed,14.0,1
4640,4640,4640,identity,39.0,1
4655,4650,4650,changed,39.0,1
4700,4700,4700,identity,21.0,1
4710,4710,4710,identity,21.0,1
4720,4720,4720,identity,21.0,1
4740,4740,4740,identity,21.0,1
4750,4750,4750,identity,21.0,1
4760,4760,4760,identity,21.0,1
4800,4800,4800,identity,21.0,1
4810,4810,4810,identity,21.0,1
4820,4820,4820,identity,21.0,1
4830,4830,4830,identity,23.0,1
4840,4840,4840,identity,21.0,1
4850,4850,4850,identity,21.0,1
4900,4900,4900,identity,21.0,1
4920,4920,4920,identity,21.0,1
4930,4930,4930,identity,21.0,1
4940,4940,4940,identity,21.0,1
4950,4950,4950,identity,21.0,1
4965,4965,4965,identity,21.0,1
5000,5000,5000,identity,2.0,1
5010,5010,5010,identity,27.0,1
5020,5020,5020,identity,27.0,1
5040,2900 5030,2900 5030,changed,20.0 27.0,2
5100,5100,5100,identity,30.0,1
5110,5110,5110,identity,25.0,1
5120,5120,5120,identity,25.0,1
5130,5130,5130,identity,21.0,1
5140,5140,5140,identity,25.0,1
5150,5150,5150,identity,29.0,1
5160,5160,5160,identity,31.0,1
5165,5165,5165,identity,31.0,1
5200,5200,5200,identity,24.0,1
5210,5210,,identity,,0
5220,5220,5220,identity,31.0,1
5230,5230,5230,identity,23.0,1
5240,5240,5240,identity,30.0,1
5250,5250,5250,identity,30.0,1
5260,5260,5260,identity,24.0,1
5300,5300,5300,identity,23.0,1
5310,5310,5310,identity,23.0,1
5320,5320,5320,identity,24.0,1
5330,5330,5330,identity,30.0,1
5340,5340,5340,identity,23.0,1
5350,5350,5350,identity,24.0,1
5360,5360,5360,identity,24.0,1
5400,5400,5400,identity,23.0,1
5410,5410,5410,identity,23.0,1
5420,5420,5420,identity,24.0,1
5500,5500,5500,identity,29.0,1
5510,5510,5510,identity,28.0,1
5521,5520,5520,changed,29.0,1
5522,5520,5520,changed,29.0,1
5530,5530,5530,identity,29.0,1
5540,5540,5540,identity,28.0,1
5550,5550,5550,identity,28.0,1
5560,5560,5560,identity,26.0,1
5600,5600,5600,identity,29.0,1
5610,5610,5610,identity,29.0,1
5630,5630,5630,identity,29.0,1
5710,5700,5700,changed,22.0,1
5720,5700,5700,changed,22.0,1
5730,5700,5700,changed,22.0,1
5740,5700,5700,changed,22.0,1
5810,5810,5810,identity,31.0,1
5820,5820,5820,identity,22.0,1
5830,5830,,identity,,0
5840,5840,5840,identity,30.0,1
5850,5850,5850,identity,28.0,1
5860,5860,5860,identity,31.0,1
5900,5900,5900,identity,26.0,1
5910,5910,5910,identity,31.0,1
5920,5920,5920,identity,31.0,1
5940,5940,5940,identity,31.0,1
6005,6005,6005,identity,43.0,1
6010,6010,6010,identity,42.0,1
6020,6020,,identity,,0
6040,6040,6040,identity,42.0,1
6050,6050,6050,identity,41.0,1
6115,6100 6110,6100,changed,43.0,1
6120,6120,6120,identity,43.0,1
6130,6130,6130,identity,43.0,1
6200,6200,6200,identity,47.0,1
6210,6210,6210,identity,50.0,1
6220,6220,6220,identity,47.0,1
6230,6230,6230,identity,47.0,1
6240,6240,6240,identity,47.0,1
6250,6250,6250,identity,47.0,1
6260,6260,6260,identity,47.0,1
6305,6300 6310 6320,6300 6320,changed,47.0 65.0,2
6330,6330,6330,identity,47.0,1
6355,6355,6355,identity,47.0,1
6360,6360,6360,identity,47.0,1
6400,6400,6400,identity,47.0,1
6410,6420 6430,6420 6430,changed,47.0,1
6441,6440,6440,changed,47.0,1
6442,6440,6440,changed,47.0,1
6460,6460,6460,identity,47.0,1
6500,6500,6500,identity,47.0,1
6515,6515,6515,identity,47.0,1
6520,6520,6520,identity,47.0,1
6530,6530,6530,identity,47.0,1
6540,6540,,identity+ipums_note,,0
6600,6600,6600,identity,47.0,1
6660,6660,6660,identity,2.0,1
6700,6700,6700,identity,46.0,1
6710,6710,6710,identity,47.0,1
6720,6720,6720,identity,47.0,1
6730,6730,6730,identity,47.0,1
6740,6740,6740,identity,66.0,1
6750,6750,,identity,,0
6765,6765,6765,identity,47.0,1
6800,6800,6800,identity,48.0,1
6821,9520,9520,changed,65.0,1
6825,6820,6820,changed,47.0,1
6835,6820 6830,6820 6830,changed,47.0 48.0,2
6850,6840 6910 9520 9730,6840 9520,changed,48.0 65.0,2
6920,6920,,identity,,0
6950,6840 6930 6940,6840 6940,changed,48.0,1
7000,7000,7000,identity,44.0,1
7010,7010,7010,identity,45.0,1
7020,7020,7020,identity,45.0,1
7030,7030,7030,identity,45.0,1
7040,7040,7040,identity,47.0,1
7050,7050,,identity,,0
7100,7100,7100,identity,45.0,1
7110,7110,7110,identity,45.0,1
7120,7120,7120,identity,45.0,1
7130,7130,7130,identity,47.0,1
7140,7140,7140,identity,44.0,1
7150,7150,7150,identity,44.0,1
7160,7160,7160,identity,44.0,1
7200,7200,7200,identity,44.0,1
7210,7210,7210,identity,44.0,1
7220,7220,7220,identity,44.0,1
7240,7240,7240,identity,44.0,1
7260,7260,7260,identity,44.0,1
7300,7300,7300,identity,46.0,1
7315,7315,7315,identity,45.0,1
7320,7320,7320,identity,45.0,1
7330,7330,7330,identity,44.0,1
7340,7340,7340,identity,46.0,1
7350,7350,7350,identity,44.0,1
7360,7360,7360,identity,46.0,1
7410,7410,7410,identity,47.0,1
7420,7420,7420,identity,45.0,1
7430,7430,7430,identity,46.0,1
7440,7440,,identity,,0
7510,7510,7510,identity,64.0,1
7520,7520,,identity,,0
7540,7540,7540,identity,46.0,1
7550,7550,7550,identity,46.0,1
7560,7560,7560,identity,46.0,1
7610,7610,7610,identity,65.0,1
7640,7600 7630,7630,changed,46.0,1
7700,7700,7700,identity,49.0,1
7710,7710,7710,identity,62.0,1
7720,7720,7720,identity,62.0,1
7730,7730,7730,identity,62.0,1
7740,7740,7740,identity,47.0,1
7750,7750,7750,identity,62.0,1
7800,7800,7800,identity,54.0,1
7810,7810,7810,identity,54.0,1
7830,7830,7830,identity,61.0,1
7840,7840,7840,identity,54.0,1
7850,7850,7850,identity,61.0,1
7855,7855,7855,identity,61.0,1
7905,7900 8965,7900 8965,changed,20.0 61.0,2
7925,7920 7930 7940,7920 7930 7940,changed,56.0 61.0,2
7950,7950,7950,identity,56.0,1
8000,8000,8000,identity,56.0,1
8025,7960 8010 8020,7960 8010,changed,56.0,1
8030,8030,8030,identity,50.0,1
8040,8040,8040,identity,61.0,1
8060,8060,8060,identity,50.0,1
8100,8100,8100,identity,57.0,1
8130,8130,8130,identity,50.0,1
8140,8140,8140,identity,62.0,1
8225,8120 8150 8160 8200 8210 8220,8150 8200 8210 8220,changed,50.0 57.0 58.0,3
8250,8250,8250,identity,59.0,1
8255,8255,8255,identity,59.0,1
8256,8256,8256,identity,53.0,1
8300,8300,8300,identity,60.0,1
8310,8310,8310,identity,60.0,1
8320,8320,8320,identity,60.0,1
8335,8330 8340,8330 8340,changed,52.0 60.0,2
8350,8350,8350,identity,52.0,1
8365,8360 8400 8410 8420,8400 8410 8420,changed,60.0,1
8450,8450,8450,identity,52.0,1
8465,8430 8440 8460,8460,changed,60.0,1
8500,8500,8500,identity,51.0,1
8510,8510,8510,identity,51.0,1
8530,8530,8530,identity,58.0,1
8540,8540,8540,identity,58.0,1
8555,8520 8550,8550,changed,58.0,1
8600,8600,8600,identity,55.0,1
8610,8610,8610,identity,55.0,1
8620,8620,8620,identity,55.0,1
8630,8630,8630,identity,55.0,1
8640,8640,8640,identity,61.0,1
8650,8650,8650,identity,61.0,1
8710,8710,8710,identity,61.0,1
8720,8720,8720,identity,61.0,1
8730,8730,8730,identity,61.0,1
8740,8740,8740,identity,63.0,1
8750,8750,8750,identity,46.0,1
8760,8760,8760,identity,53.0,1
8800,8800,8800,identity,61.0,1
8810,8810,8810,identity,61.0,1
8830,8830,8830,identity,61.0,1
8850,8850,8850,identity,61.0,1
8865,8860 8900,8860,changed,61.0,1
8910,8910,8910,identity,50.0,1
8920,8920,8920,identity,53.0,1
8930,8930,8930,identity,61.0,1
8940,8940,8940,identity,61.0,1
8950,8950,8950,identity,62.0,1
8990,8840 8965,8965,changed,61.0,1
9005,4320 9000,4320 9000,changed,39.0 64.0,2
9030,9030,9030,identity,20.0,1
9040,9040,9040,identity,20.0,1
9050,9050,9050,identity,39.0,1
9110,9110,9110,identity,64.0,1
9121,9120,9120,changed,64.0,1
9122,9120,9120,changed,64.0,1
9130,9130,9130,identity,64.0,1
9141,9120 9140,9120 9140,changed,64.0,1
9142,9140,9140,changed,64.0,1
9150,9150,9150,identity,64.0,1
9210,9200,9200,changed,65.0,1
9240,9240,9240,identity,65.0,1
9265,9200 9230 9260,9200 9230 9260,changed,65.0,1
9300,9300,9300,identity,65.0,1
9310,9310,9310,identity,65.0,1
9330,9330,,identity,,0
9350,9350,9350,identity,64.0,1
9365,9360 9420,9360 9420,changed,66.0,1
9410,9410,9410,identity,39.0,1
9415,9415,9415,identity,39.0,1
9430,9340 9420,9420,changed,66.0,1
9510,9510,9510,identity,65.0,1
9570,9500 9520 9560,9520 9560,changed,65.0,1
9600,9600,9600,identity,64.0,1
9610,9610,9610,identity,66.0,1
9620,9620,9620,identity,66.0,1
9630,9630,9630,identity,66.0,1
9640,9640,9640,identity,66.0,1
9645,5620,5620,changed,29.0,1
9650,9650,9650,identity,65.0,1
9720,9720,9720,identity,66.0,1
9760,9520 9740 9750,9520 9750,changed,38.0 65.0,2
