occ2018,occ_code,split_share,modal,ambiguous,manual,override
10,1,1.0,1,0,0,0.0
20,1,1.0,1,0,0,0.0
40,1,1.0,1,0,0,0.0
51,1,1.0,1,0,0,0.0
52,1,1.0,1,0,0,0.0
60,1,1.0,1,0,0,0.0
101,1,1.0,1,0,0,0.0
102,1,1.0,1,0,0,0.0
110,1,1.0,1,0,0,0.0
120,1,1.0,1,0,0,0.0
135,1,1.0,1,0,0,0.0
136,1,1.0,1,0,0,0.0
137,1,1.0,1,0,0,0.0
140,1,1.0,1,0,0,0.0
150,2,1.0,1,0,0,0.0
160,29,1.0,1,0,0,0.0
205,40,1.0,1,0,0,0.0
220,1,1.0,1,0,0,0.0
230,1,1.0,1,0,0,0.0
300,1,1.0,1,0,0,0.0
310,1,1.0,1,0,0,0.0
335,1,1.0,1,0,0,0.0
340,1,1.0,1,0,0,0.0
350,1,1.0,1,0,0,0.0
360,1,1.0,1,0,0,0.0
410,1,1.0,1,0,0,0.0
420,1,1.0,1,0,0,0.0
425,2,1.0,1,0,0,0.0
426,1,1.0,1,0,0,0.0
440,1,1.0,1,0,0,0.0
500,2,1.0,1,0,0,0.0
510,2,1.0,1,0,0,0.0
520,2,1.0,1,0,0,0.0
530,2,1.0,1,0,0,0.0
540,30,1.0,1,0,0,0.0
565,2,1.0,1,0,0,0.0
600,1,1.0,1,0,0,0.0
630,2,1.0,1,0,0,0.0
640,2,1.0,1,0,0,0.0
650,2,1.0,1,0,0,0.0
700,5,1.0,1,0,0,0.0
705,1,0.8513321601289177,1,1,0,0.0
705,2,0.0581722284309908,0,1,0,0.0
705,5,0.09049561144009156,0,1,0,0.0
710,2,1.0,1,0,0,0.0
725,1,1.0,1,0,0,0.0
726,21,1.0,1,0,0,0.0
735,13,1.0,1,0,0,0.0
750,2,1.0,1,0,0,0.0
800,2,1.0,1,0,0,0.0
810,21,1.0,1,0,0,0.0
820,2,1.0,1,0,0,0.0
830,2,1.0,1,0,0,0.0
845,2,1.0,1,0,0,0.0
850,2,1.0,1,0,0,0.0
860,2,1.0,1,0,0,0.0
900,2,1.0,1,0,0,0.0
910,2,1.0,1,0,0,0.0
930,2,1.0,1,0,0,0.0
940,2,1.0,1,0,0,0.0
960,2,1.0,1,0,0,0.0
1005,5,1.0,1,0,0,0.0
1006,5,1.0,1,0,0,0.0
1007,5,1.0,1,0,0,0.0
1010,20,1.0,1,0,0,0.0
1021,20,1.0,1,0,0,0.0
1022,5,0.30498937305649076,0,1,0,1.0
1022,20,0.6950106269435092,1,1,0,1.0
1031,5,1.0,1,0,0,0.0
1032,5,1.0,1,0,0,0.0
1050,5,1.0,1,0,0,0.0
1065,5,1.0,1,0,0,0.0
1105,5,1.0,1,0,0,0.0
1106,5,1.0,1,0,0,0.0
1108,5,0.753649891205166,1,1,0,0.0
1108,27,0.246350108794834,0,1,0,0.0
1200,5,1.0,1,0,0,0.0
1220,5,1.0,1,0,0,0.0
1240,5,1.0,1,0,0,0.0
1305,3,1.0,1,0,0,0.0
1306,3,1.0,1,0,0,0.0
1310,18,1.0,1,0,0,0.0
1320,4,1.0,1,0,0,0.0
1340,4,1.0,1,0,0,0.0
1350,4,1.0,1,0,0,0.0
1360,4,1.0,1,0,0,0.0
1400,4,1.0,1,0,0,0.0
1410,4,1.0,1,0,0,0.0
1420,4,1.0,1,0,0,0.0
1430,4,1.0,1,0,0,0.0
1440,4,1.0,1,0,0,0.0
1450,4,1.0,1,0,0,0.0
1460,4,1.0,1,0,0,0.0
1520,4,1.0,1,0,0,0.0
1530,4,1.0,1,0,0,0.0
1541,18,1.0,1,0,0,0.0
1545,18,1.0,1,0,0,0.0
1551,18,1.0,1,0,0,0.0
1555,18,1.0,1,0,0,0.0
1560,18,1.0,1,0,0,0.0
1600,6,1.0,1,0,0,0.0
1610,6,1.0,1,0,0,0.0
1640,6,1.0,1,0,0,0.0
1650,6,1.0,1,0,0,0.0
1700,6,1.0,1,0,0,0.0
1710,6,1.0,1,0,0,0.0
1720,6,1.0,1,0,0,0.0
1745,6,1.0,1,0,0,0.0
1750,6,1.0,1,0,0,0.0
1760,6,1.0,1,0,0,0.0
1800,13,1.0,1,0,0,0.0
1821,13,1.0,1,0,0,0.0
1822,13,1.0,1,0,0,0.0
1825,13,1.0,1,0,0,0.0
1840,13,1.0,1,0,0,0.0
1860,13,1.0,1,0,0,0.0
1900,19,1.0,1,0,0,0.0
1910,19,1.0,1,0,0,0.0
1920,19,1.0,1,0,0,0.0
1935,18,0.8511902325499804,1,1,0,0.0
1935,19,0.1488097674500196,0,1,0,0.0
1970,18,1.0,1,0,0,0.0
1980,17,1.0,1,0,0,0.0
2001,11,1.0,1,0,0,0.0
2002,11,1.0,1,0,0,0.0
2003,11,1.0,1,0,0,0.0
2004,11,1.0,1,0,0,0.0
2005,11,1.0,1,0,0,0.0
2006,11,1.0,1,0,0,0.0
2011,14,1.0,1,0,0,0.0
2012,14,1.0,1,0,0,0.0
2013,14,1.0,1,0,0,0.0
2014,14,1.0,1,0,0,0.0
2015,39,1.0,1,0,0,0.0
2016,39,1.0,1,0,0,0.0
2025,39,1.0,1,0,0,0.0
2040,14,1.0,1,0,0,0.0
2050,14,1.0,1,0,0,0.0
2060,14,1.0,1,0,0,0.0
2100,15,1.0,1,0,0,0.0
2105,15,1.0,1,0,0,0.0
2145,20,1.0,1,0,0,0.0
2170,20,1.0,1,0,0,0.0
2180,20,1.0,1,0,0,0.0
2205,10,1.0,1,0,0,0.0
2300,11,1.0,1,0,0,0.0
2310,11,1.0,1,0,0,0.0
2320,11,1.0,1,0,0,0.0
2330,11,1.0,1,0,0,0.0
2350,11,1.0,1,0,0,0.0
2360,11,1.0,1,0,0,0.0
2400,12,1.0,1,0,0,0.0
2435,11,0.4291769059739044,0,1,0,0.0
2435,12,0.5708230940260957,1,1,0,0.0
2440,24,1.0,1,0,0,0.0
2545,10,0.5551824036066474,0,1,0,1.0
2545,11,0.44481759639335267,1,1,0,1.0
2555,11,1.0,1,0,0,0.0
2600,16,1.0,1,0,0,0.0
2631,16,1.0,1,0,0,0.0
2632,16,1.0,1,0,0,0.0
2633,16,1.0,1,0,0,0.0
2634,16,1.0,1,0,0,0.0
2635,16,1.0,1,0,0,0.0
2636,16,1.0,1,0,0,0.0
2640,16,1.0,1,0,0,0.0
2700,16,1.0,1,0,0,0.0
2710,16,1.0,1,0,0,0.0
2721,16,1.0,1,0,0,0.0
2722,16,1.0,1,0,0,0.0
2723,16,1.0,1,0,0,0.0
2740,16,1.0,1,0,0,0.0
2751,16,1.0,1,0,0,0.0
2752,16,1.0,1,0,0,0.0
2755,16,1.0,1,0,0,0.0
2770,16,1.0,1,0,0,0.0
2805,16,1.0,1,0,0,0.0
2810,16,1.0,1,0,0,0.0
2825,1,1.0,1,0,0,0.0
2830,16,1.0,1,0,0,0.0
2840,16,1.0,1,0,0,0.0
2850,16,1.0,1,0,0,0.0
2861,16,1.0,1,0,0,0.0
2862,20,1.0,1,0,0,0.0
2865,16,1.0,1,0,0,0.0
2905,20,1.0,1,0,0,0.0
2910,16,1.0,1,0,0,0.0
2920,16,1.0,1,0,0,0.0
3000,7,1.0,1,0,0,0.0
3010,7,1.0,1,0,0,0.0
3030,8,1.0,1,0,0,0.0
3040,7,1.0,1,0,0,0.0
3050,8,1.0,1,0,0,0.0
3065,7,1.0,1,0,0,0.0
3070,7,1.0,1,0,0,0.0
3090,7,1.0,1,0,0,0.0
3100,7,1.0,1,0,0,0.0
3110,9,1.0,1,0,0,0.0
3120,7,1.0,1,0,0,0.0
3140,9,1.0,1,0,0,0.0
3150,9,1.0,1,0,0,0.0
3160,9,1.0,1,0,0,0.0
3200,9,1.0,1,0,0,0.0
3210,9,1.0,1,0,0,0.0
3220,9,1.0,1,0,0,0.0
3230,9,1.0,1,0,0,0.0
3245,9,1.0,1,0,0,0.0
3250,7,1.0,1,0,0,0.0
3255,8,1.0,1,0,0,0.0
3256,8,1.0,1,0,0,0.0
3258,8,1.0,1,0,0,0.0
3261,7,1.0,1,0,0,0.0
3270,7,1.0,1,0,0,0.0
3300,17,1.0,1,0,0,0.0
3310,17,1.0,1,0,0,0.0
3321,17,1.0,1,0,0,0.0
3322,17,1.0,1,0,0,0.0
3323,17,1.0,1,0,0,0.0
3324,17,1.0,1,0,0,0.0
3330,17,1.0,1,0,0,0.0
3401,17,1.0,1,0,0,0.0
3402,17,1.0,1,0,0,0.0
3421,53,1.0,1,0,0,0.0
3422,53,1.0,1,0,0,0.0
3423,53,1.0,1,0,0,0.0
3424,53,1.0,1,0,0,0.0
3430,53,1.0,1,0,0,0.0
3500,17,1.0,1,0,0,0.0
3515,17,1.0,1,0,0,0.0
3520,53,1.0,1,0,0,0.0
3545,17,0.19714371385038282,1,1,0,1.0
3545,53,0.8028562861496172,0,1,0,1.0
3550,17,1.0,1,0,0,0.0
3601,37,1.0,1,0,0,0.0
3602,37,1.0,1,0,0,0.0
3603,37,1.0,1,0,0,0.0
3605,37,1.0,1,0,0,0.0
3610,9,1.0,1,0,0,0.0
3620,9,1.0,1,0,0,0.0
3630,39,1.0,1,0,0,0.0
3640,37,1.0,1,0,0,0.0
3645,37,1.0,1,0,0,0.0
3646,37,1.0,1,0,0,0.0
3647,37,1.0,1,0,0,0.0
3648,37,1.0,1,0,0,0.0
3649,37,1.0,1,0,0,0.0
3655,37,1.0,1,0,0,0.0
3700,34,1.0,1,0,0,0.0
3710,34,1.0,1,0,0,0.0
3720,33,1.0,1,0,0,0.0
3725,35,1.0,1,0,0,0.0
3735,35,1.0,1,0,0,0.0
3740,33,1.0,1,0,0,0.0
3750,33,1.0,1,0,0,0.0
3801,34,1.0,1,0,0,0.0
3802,34,1.0,1,0,0,0.0
3820,34,1.0,1,0,0,0.0
3840,34,1.0,1,0,0,0.0
3870,34,1.0,1,0,0,0.0
3900,35,1.0,1,0,0,0.0
3910,34,1.0,1,0,0,0.0
3930,35,1.0,1,0,0,0.0
3940,35,1.0,1,0,0,0.0
3945,2,1.0,1,0,0,0.0
3946,35,1.0,1,0,0,0.0
3960,35,1.0,1,0,0,0.0
4000,36,1.0,1,0,0,0.0
4010,36,1.0,1,0,0,0.0
4020,36,1.0,1,0,0,0.0
4030,36,1.0,1,0,0,0.0
4040,36,1.0,1,0,0,0.0
4055,36,1.0,1,0,0,0.0
4110,36,1.0,1,0,0,0.0
4120,36,1.0,1,0,0,0.0
4130,36,1.0,1,0,0,0.0
4140,36,1.0,1,0,0,0.0
4150,39,1.0,1,0,0,0.0
4160,36,1.0,1,0,0,0.0
4200,38,1.0,1,0,0,0.0
4210,42,1.0,1,0,0,0.0
4220,38,1.0,1,0,0,0.0
4230,32,1.0,1,0,0,0.0
4240,38,1.0,1,0,0,0.0
4251,42,1.0,1,0,0,0.0
4252,42,1.0,1,0,0,0.0
4255,42,1.0,1,0,0,0.0
4330,1,0.3100414192912372,0,1,0,0.0
4330,39,0.6899585807087628,1,1,0,0.0
4340,41,1.0,1,0,0,0.0
4350,42,1.0,1,0,0,0.0
4400,39,1.0,1,0,0,0.0
4420,39,1.0,1,0,0,0.0
4435,39,0.9330856293586373,1,1,0,0.0
4435,61,0.06691437064136276,0,1,0,0.0
4461,39,1.0,1,0,0,0.0
4465,1,1.0,1,0,0,0.0
4500,39,1.0,1,0,0,0.0
4510,39,1.0,1,0,0,0.0
4521,39,1.0,1,0,0,0.0
4522,39,1.0,1,0,0,0.0
4525,39,1.0,1,0,0,0.0
4530,39,1.0,1,0,0,0.0
4540,39,1.0,1,0,0,0.0
4600,39,1.0,1,0,0,0.0
4621,14,1.0,1,0,0,0.0
4622,14,1.0,1,0,0,0.0
4640,39,1.0,1,0,0,0.0
4655,39,1.0,1,0,0,0.0
4700,21,1.0,1,0,0,0.0
4710,21,1.0,1,0,0,0.0
4720,21,1.0,1,0,0,0.0
4740,21,1.0,1,0,0,0.0
4750,21,1.0,1,0,0,0.0
4760,21,1.0,1,0,0,0.0
4800,21,1.0,1,0,0,0.0
4810,21,1.0,1,0,0,0.0
4820,21,1.0,1,0,0,0.0
4830,23,1.0,1,0,0,0.0
4840,21,1.0,1,0,0,0.0
4850,21,1.0,1,0,0,0.0
4900,21,1.0,1,0,0,0.0
4920,21,1.0,1,0,0,0.0
4930,21,1.0,1,0,0,0.0
4940,21,1.0,1,0,0,0.0
4950,21,1.0,1,0,0,0.0
4965,21,1.0,1,0,0,0.0
5000,2,1.0,1,0,0,0.0
5010,27,1.0,1,0,0,0.0
5020,27,1.0,1,0,0,0.0
5040,20,0.9023728140233557,0,1,0,1.0
5040,27,0.0976271859766443,1,1,0,1.0
5100,30,1.0,1,0,0,0.0
5110,25,1.0,1,0,0,0.0
5120,25,1.0,1,0,0,0.0
5130,21,1.0,1,0,0,0.0
5140,25,1.0,1,0,0,0.0
5150,29,1.0,1,0,0,0.0
5160,31,1.0,1,0,0,0.0
5165,31,1.0,1,0,0,0.0
5200,24,1.0,1,0,0,0.0
5220,31,1.0,1,0,0,0.0
5230,23,1.0,1,0,0,0.0
5240,30,1.0,1,0,0,0.0
5250,30,1.0,1,0,0,0.0
5260,24,1.0,1,0,0,0.0
5300,23,1.0,1,0,0,0.0
5310,23,1.0,1,0,0,0.0
5320,24,1.0,1,0,0,0.0
5330,30,1.0,1,0,0,0.0
5340,23,1.0,1,0,0,0.0
5350,24,1.0,1,0,0,0.0
5360,24,1.0,1,0,0,0.0
5400,23,1.0,1,0,0,0.0
5410,23,1.0,1,0,0,0.0
5420,24,1.0,1,0,0,0.0
5500,29,1.0,1,0,0,0.0
5510,28,1.0,1,0,0,0.0
5521,29,1.0,1,0,0,0.0
5522,29,1.0,1,0,0,0.0
5530,29,1.0,1,0,0,0.0
5540,28,1.0,1,0,0,0.0
5550,28,1.0,1,0,0,0.0
5560,26,1.0,1,0,0,0.0
5600,29,1.0,1,0,0,0.0
5610,29,1.0,1,0,0,0.0
5630,29,1.0,1,0,0,0.0
5710,22,1.0,1,0,0,0.0
5720,22,1.0,1,0,0,0.0
5730,22,1.0,1,0,0,0.0
5740,22,1.0,1,0,0,0.0
5810,31,1.0,1,0,0,0.0
5820,22,1.0,1,0,0,0.0
5840,30,1.0,1,0,0,0.0
5850,28,1.0,1,0,0,0.0
5860,31,1.0,1,0,0,0.0
5900,26,1.0,1,0,0,0.0
5910,31,1.0,1,0,0,0.0
5920,31,1.0,1,0,0,0.0
5940,31,1.0,1,0,0,0.0
6005,43,1.0,1,0,0,0.0
6010,42,1.0,1,0,0,0.0
6040,42,1.0,1,0,0,0.0
6050,41,1.0,1,0,0,0.0
6115,43,1.0,1,0,0,0.0
6120,43,1.0,1,0,0,0.0
6130,43,1.0,1,0,0,0.0
6200,47,1.0,1,0,0,0.0
6210,50,1.0,1,0,0,0.0
6220,47,1.0,1,0,0,0.0
6230,47,1.0,1,0,0,0.0
6240,47,1.0,1,0,0,0.0
6250,47,1.0,1,0,0,0.0
6260,47,1.0,1,0,0,0.0
6305,47,0.03687434277342872,0,1,0,0.0
6305,65,0.9631256572265713,1,1,0,0.0
6330,47,1.0,1,0,0,0.0
6355,47,1.0,1,0,0,0.0
6360,47,1.0,1,0,0,0.0
6400,47,1.0,1,0,0,0.0
6410,47,1.0,1,0,0,0.0
6441,47,1.0,1,0,0,0.0
6442,47,1.0,1,0,0,0.0
6460,47,1.0,1,0,0,0.0
6500,47,1.0,1,0,0,0.0
6515,47,1.0,1,0,0,0.0
6520,47,1.0,1,0,0,0.0
6530,47,1.0,1,0,0,0.0
6540,47,1.0,1,0,1,
6600,47,1.0,1,0,0,0.0
6660,2,1.0,1,0,0,0.0
6700,46,1.0,1,0,0,0.0
6710,47,1.0,1,0,0,0.0
6720,47,1.0,1,0,0,0.0
6730,47,1.0,1,0,0,0.0
6740,66,1.0,1,0,0,0.0
6765,47,1.0,1,0,0,0.0
6800,48,1.0,1,0,0,0.0
6821,65,1.0,1,0,0,0.0
6825,47,1.0,1,0,0,0.0
6835,47,0.718521263782081,0,1,0,1.0
6835,48,0.281478736217919,1,1,0,1.0
6850,48,0.6529194393955325,1,1,0,0.0
6850,65,0.3470805606044674,0,1,0,0.0
6950,48,1.0,1,0,0,0.0
7000,44,1.0,1,0,0,0.0
7010,45,1.0,1,0,0,0.0
7020,45,1.0,1,0,0,0.0
7030,45,1.0,1,0,0,0.0
7040,47,1.0,1,0,0,0.0
7100,45,1.0,1,0,0,0.0
7110,45,1.0,1,0,0,0.0
7120,45,1.0,1,0,0,0.0
7130,47,1.0,1,0,0,0.0
7140,44,1.0,1,0,0,0.0
7150,44,1.0,1,0,0,0.0
7160,44,1.0,1,0,0,0.0
7200,44,1.0,1,0,0,0.0
7210,44,1.0,1,0,0,0.0
7220,44,1.0,1,0,0,0.0
7240,44,1.0,1,0,0,0.0
7260,44,1.0,1,0,0,0.0
7300,46,1.0,1,0,0,0.0
7315,45,1.0,1,0,0,0.0
7320,45,1.0,1,0,0,0.0
7330,44,1.0,1,0,0,0.0
7340,46,1.0,1,0,0,0.0
7350,44,1.0,1,0,0,0.0
7360,46,1.0,1,0,0,0.0
7410,47,1.0,1,0,0,0.0
7420,45,1.0,1,0,0,0.0
7430,46,1.0,1,0,0,0.0
7510,64,1.0,1,0,0,0.0
7540,46,1.0,1,0,0,0.0
7550,46,1.0,1,0,0,0.0
7560,46,1.0,1,0,0,0.0
7610,65,1.0,1,0,0,0.0
7640,46,1.0,1,0,0,0.0
7700,49,1.0,1,0,0,0.0
7710,62,1.0,1,0,0,0.0
7720,62,1.0,1,0,0,0.0
7730,62,1.0,1,0,0,0.0
7740,47,1.0,1,0,0,0.0
7750,62,1.0,1,0,0,0.0
7800,54,1.0,1,0,0,0.0
7810,54,1.0,1,0,0,0.0
7830,61,1.0,1,0,0,0.0
7840,54,1.0,1,0,0,0.0
7850,61,1.0,1,0,0,0.0
7855,61,1.0,1,0,0,0.0
7905,20,0.06730913759066212,1,1,0,1.0
7905,61,0.9326908624093379,0,1,0,1.0
7925,56,0.5684661052050255,1,1,0,0.0
7925,61,0.43153389479497445,0,1,0,0.0
7950,56,1.0,1,0,0,0.0
8000,56,1.0,1,0,0,0.0
8025,56,1.0,1,0,0,0.0
8030,50,1.0,1,0,0,0.0
8040,61,1.0,1,0,0,0.0
8060,50,1.0,1,0,0,0.0
8100,57,1.0,1,0,0,0.0
8130,50,1.0,1,0,0,0.0
8140,62,1.0,1,0,0,0.0
8225,50,0.00747702328033867,0,1,0,0.0
8225,57,0.041199262670421025,0,1,0,0.0
8225,58,0.9513237140492403,1,1,0,0.0
8250,59,1.0,1,0,0,0.0
8255,59,1.0,1,0,0,0.0
8256,53,1.0,1,0,0,0.0
8300,60,1.0,1,0,0,0.0
8310,60,1.0,1,0,0,0.0
8320,60,1.0,1,0,0,0.0
8335,52,0.7711284046692607,1,1,0,0.0
8335,60,0.2288715953307393,0,1,0,0.0
8350,52,1.0,1,0,0,0.0
8365,60,1.0,1,0,0,0.0
8450,52,1.0,1,0,0,0.0
8465,60,1.0,1,0,0,0.0
8500,51,1.0,1,0,0,0.0
8510,51,1.0,1,0,0,0.0
8530,58,1.0,1,0,0,0.0
8540,58,1.0,1,0,0,0.0
8555,58,1.0,1,0,0,0.0
8600,55,1.0,1,0,0,0.0
8610,55,1.0,1,0,0,0.0
8620,55,1.0,1,0,0,0.0
8630,55,1.0,1,0,0,0.0
8640,61,1.0,1,0,0,0.0
8650,61,1.0,1,0,0,0.0
8710,61,1.0,1,0,0,0.0
8720,61,1.0,1,0,0,0.0
8730,61,1.0,1,0,0,0.0
8740,63,1.0,1,0,0,0.0
8750,46,1.0,1,0,0,0.0
8760,53,1.0,1,0,0,0.0
8800,61,1.0,1,0,0,0.0
8810,61,1.0,1,0,0,0.0
8830,61,1.0,1,0,0,0.0
8850,61,1.0,1,0,0,0.0
8865,61,1.0,1,0,0,0.0
8910,50,1.0,1,0,0,0.0
8920,53,1.0,1,0,0,0.0
8930,61,1.0,1,0,0,0.0
8940,61,1.0,1,0,0,0.0
8950,62,1.0,1,0,0,0.0
8990,61,1.0,1,0,0,0.0
9005,39,0.4081824512534819,0,1,0,0.0
9005,64,0.5918175487465182,1,1,0,0.0
9030,20,1.0,1,0,0,0.0
9040,20,1.0,1,0,0,0.0
9050,39,1.0,1,0,0,0.0
9110,64,1.0,1,0,0,0.0
9121,64,1.0,1,0,0,0.0
9122,64,1.0,1,0,0,0.0
9130,64,1.0,1,0,0,0.0
9141,64,1.0,1,0,0,0.0
9142,64,1.0,1,0,0,0.0
9150,64,1.0,1,0,0,0.0
9210,65,1.0,1,0,0,0.0
9240,65,1.0,1,0,0,0.0
9265,65,1.0,1,0,0,0.0
9300,65,1.0,1,0,0,0.0
9310,65,1.0,1,0,0,0.0
9350,64,1.0,1,0,0,0.0
9365,66,1.0,1,0,0,0.0
9410,39,1.0,1,0,0,0.0
9415,39,1.0,1,0,0,0.0
9430,66,1.0,1,0,0,0.0
9510,65,1.0,1,0,0,0.0
9570,65,1.0,1,0,0,0.0
9600,64,1.0,1,0,0,0.0
9610,66,1.0,1,0,0,0.0
9620,66,1.0,1,0,0,0.0
9630,66,1.0,1,0,0,0.0
9640,66,1.0,1,0,0,0.0
9645,29,1.0,1,0,0,0.0
9650,65,1.0,1,0,0,0.0
9720,66,1.0,1,0,0,0.0
9760,38,0.575016553855209,1,1,0,0.0
9760,65,0.42498344614479105,0,1,0,0.0
