occ,occ_code,w,share
10,1.0,593293.5,1.0
20,1.0,654671.0,1.0
40,1.0,37348.5,1.0
50,1.0,577814.5,1.0
60,1.0,31962.0,1.0
100,1.0,70320.0,1.0
110,1.0,349584.5,1.0
120,1.0,718741.0,1.0
135,1.0,10686.0,1.0
136,1.0,223159.5,1.0
137,1.0,31827.5,1.0
140,1.0,148505.5,1.0
150,2.0,120606.5,1.0
160,29.0,142556.0,1.0
205,40.0,307038.5,1.0
220,1.0,436397.5,1.0
230,1.0,511517.0,1.0
300,1.0,93239.5,1.0
310,1.0,545050.5,1.0
330,1.0,9220.5,1.0
340,1.0,65601.0,1.0
350,1.0,362599.5,1.0
360,1.0,13744.0,1.0
410,1.0,293936.0,1.0
420,1.0,186370.5,1.0
425,2.0,5181.5,1.0
430,1.0,2.020201e+06,1.0
500,2.0,24973.0,1.0
510,2.0,6131.0,1.0
520,2.0,120270.5,1.0
530,2.0,157201.5,1.0
540,30.0,196773.5,1.0
565,2.0,125875.0,1.0
600,1.0,76317.0,1.0
630,2.0,413776.0,1.0
640,2.0,42853.0,1.0
650,2.0,77403.0,1.0
700,5.0,64419.5,1.0
710,2.0,389713.0,1.0
725,1.0,62139.5,1.0
726,21.0,54284.5,1.0
735,13.0,165317.0,1.0
740,2.0,138042.0,1.0
800,2.0,1.2038365e+06,1.0
810,21.0,50805.5,1.0
820,2.0,30374.5,1.0
830,2.0,19652.5,1.0
840,2.0,47885.5,1.0
850,2.0,218961.0,1.0
860,2.0,73499.0,1.0
900,2.0,9420.0,1.0
910,2.0,213643.5,1.0
930,2.0,35016.5,1.0
940,2.0,40351.5,1.0
950,2.0,45077.0,1.0
1005,5.0,8998.5,1.0
1006,5.0,280630.5,1.0
1007,5.0,35096.5,1.0
1010,20.0,271749.5,1.0
1020,20.0,489361.5,1.0
1030,5.0,106488.5,1.0
1050,5.0,341439.0,1.0
1060,5.0,62763.0,1.0
1105,5.0,157247.0,1.0
1106,5.0,67855.5,1.0
1107,5.0,214745.0,1.0
1200,5.0,14531.5,1.0
1220,5.0,84597.0,1.0
1240,5.0,25279.5,1.0
1300,3.0,98354.5,1.0
1310,18.0,24988.0,1.0
1320,4.0,79495.0,1.0
1340,4.0,10367.5,1.0
1350,4.0,34556.5,1.0
1360,4.0,181766.0,1.0
1400,4.0,32144.0,1.0
1410,4.0,123611.0,1.0
1420,4.0,19873.0,1.0
1430,4.0,106500.5,1.0
1440,4.0,6852.0,1.0
1450,4.0,19289.0,1.0
1460,4.0,136297.0,1.0
1520,4.0,22434.0,1.0
1530,4.0,252207.5,1.0
1540,18.0,103451.5,1.0
1550,18.0,236650.5,1.0
1560,18.0,40325.5,1.0
1600,6.0,18773.5,1.0
1610,6.0,49669.5,1.0
1640,6.0,16917.0,1.0
1650,6.0,67002.0,1.0
1700,6.0,6464.0,1.0
1710,6.0,6645.5,1.0
1720,6.0,47256.5,1.0
1740,6.0,45387.5,1.0
1760,6.0,99264.5,1.0
1800,13.0,15934.0,1.0
1820,13.0,92786.0,1.0
1840,13.0,13586.0,1.0
1860,13.0,32574.5,1.0
1900,19.0,17288.5,1.0
1910,19.0,11726.0,1.0
1920,19.0,43844.5,1.0
1930,19.0,12724.5,1.0
1965,18.0,72784.0,1.0
2000,11.0,402219.5,1.0
2010,14.0,510698.0,1.0
2015,39.0,67798.5,1.0
2016,39.0,81513.5,1.0
2025,39.0,51634.5,1.0
2040,14.0,201293.5,1.0
2050,14.0,23751.0,1.0
2060,14.0,29467.5,1.0
2100,15.0,646844.5,1.0
2105,15.0,11695.5,1.0
2145,20.0,239570.0,1.0
2160,20.0,124181.5,1.0
2200,10.0,619180.5,1.0
2300,11.0,322596.5,1.0
2310,11.0,2.2783705e+06,1.0
2320,11.0,504557.0,1.0
2330,11.0,160232.5,1.0
2340,11.0,343473.0,1.0
2400,12.0,23383.5,1.0
2430,12.0,78047.5,1.0
2440,24.0,14537.0,1.0
2540,11.0,496093.5,1.0
2550,11.0,58680.5,1.0
2600,16.0,93608.0,1.0
2630,16.0,438087.0,1.0
2700,16.0,15651.0,1.0
2710,16.0,100742.0,1.0
2720,16.0,101139.0,1.0
2740,16.0,8327.0,1.0
2750,16.0,65653.0,1.0
2760,16.0,19076.0,1.0
2800,16.0,28460.5,1.0
2810,16.0,45895.5,1.0
2825,1.0,84665.0,1.0
2830,16.0,92379.0,1.0
2840,16.0,33133.5,1.0
2850,16.0,102586.0,1.0
2860,16.0,39543.0,1.0
2900,20.0,54515.5,1.0
2910,16.0,76543.0,1.0
2920,16.0,26404.0,1.0
3000,7.0,36591.5,1.0
3010,7.0,77323.5,1.0
3030,8.0,46826.0,1.0
3040,7.0,19022.5,1.0
3050,8.0,139529.5,1.0
3060,7.0,453754.5,1.0
3110,9.0,76917.0,1.0
3120,7.0,5731.0,1.0
3140,9.0,9915.0,1.0
3150,9.0,61851.0,1.0
3160,9.0,134350.5,1.0
3200,9.0,9424.5,1.0
3210,9.0,6879.5,1.0
3220,9.0,67067.0,1.0
3230,9.0,83245.0,1.0
3245,9.0,88222.0,1.0
3250,7.0,51639.0,1.0
3255,8.0,1.6322685e+06,1.0
3256,8.0,16525.5,1.0
3258,8.0,62372.0,1.0
3260,7.0,6951.5,1.0
3300,17.0,183335.0,1.0
3310,17.0,95291.5,1.0
3320,17.0,205885.0,1.0
3400,17.0,123267.0,1.0
3420,53.0,295869.0,1.0
3500,17.0,392513.0,1.0
3510,17.0,62580.5,1.0
3520,53.0,29592.0,1.0
3535,17.0,72651.5,1.0
3540,17.0,55005.5,1.0
3600,37.0,1.175684e+06,1.0
3610,9.0,10004.5,1.0
3620,9.0,42156.5,1.0
3630,39.0,69493.0,1.0
3640,37.0,158266.5,1.0
3645,37.0,248855.0,1.0
3646,37.0,33885.5,1.0
3647,37.0,19111.5,1.0
3648,37.0,20970.0,1.0
3649,37.0,63453.5,1.0
3655,37.0,71281.0,1.0
3700,34.0,43900.5,1.0
3710,34.0,84077.5,1.0
3720,33.0,35301.0,1.0
3730,35.0,53804.5,1.0
3740,33.0,227426.5,1.0
3750,33.0,11314.0,1.0
3800,34.0,320348.5,1.0
3820,34.0,98925.5,1.0
3840,34.0,7011.5,1.0
3850,34.0,536804.0,1.0
3900,35.0,7836.0,1.0
3910,34.0,49901.0,1.0
3930,35.0,477434.0,1.0
3940,35.0,14268.0,1.0
3945,2.0,13842.0,1.0
3955,35.0,26133.5,1.0
4000,36.0,189580.5,1.0
4010,36.0,287603.5,1.0
4020,36.0,887017.0,1.0
4030,36.0,225718.0,1.0
4040,36.0,234006.5,1.0
4050,36.0,106014.5,1.0
4060,36.0,27228.0,1.0
4110,36.0,686261.0,1.0
4120,36.0,61972.5,1.0
4130,36.0,87622.0,1.0
4140,36.0,82806.5,1.0
4150,39.0,33830.5,1.0
4200,38.0,134741.5,1.0
4210,42.0,119947.5,1.0
4220,38.0,1.057586e+06,1.0
4230,32.0,613923.0,1.0
4240,38.0,43765.5,1.0
4250,42.0,594501.5,1.0
4300,1.0,42143.0,1.0
4320,39.0,93784.0,1.0
4340,41.0,22608.0,1.0
4350,42.0,86180.0,1.0
4400,39.0,42917.0,1.0
4410,61.0,2926.5,1.0
4420,39.0,5642.0,1.0
4430,39.0,40808.5,1.0
4460,39.0,4568.5,1.0
4465,1.0,22288.5,1.0
4500,39.0,47205.5,1.0
4510,39.0,408548.5,1.0
4520,39.0,64421.0,1.0
4530,39.0,34486.5,1.0
4540,39.0,16486.5,1.0
4600,39.0,499493.0,1.0
4610,37.0,433831.0,1.0
4620,14.0,151664.5,1.0
4640,39.0,20987.5,1.0
4650,39.0,42815.5,1.0
4700,21.0,1.847766e+06,1.0
4710,21.0,697614.5,1.0
4720,21.0,918151.5,1.0
4740,21.0,43661.5,1.0
4750,21.0,62561.0,1.0
4760,21.0,1.3560445e+06,1.0
4800,21.0,136045.5,1.0
4810,21.0,321167.5,1.0
4820,21.0,189417.5,1.0
4830,23.0,33612.0,1.0
4840,21.0,387461.5,1.0
4850,21.0,864093.0,1.0
4900,21.0,14923.0,1.0
4920,21.0,356439.0,1.0
4930,21.0,21293.5,1.0
4940,21.0,47220.0,1.0
4950,21.0,58218.5,1.0
4965,21.0,129724.0,1.0
5000,2.0,854134.5,1.0
5010,27.0,15345.0,1.0
5020,27.0,22942.5,1.0
5030,27.0,5898.0,1.0
5100,30.0,136110.0,1.0
5110,25.0,302883.0,1.0
5120,25.0,689482.0,1.0
5130,21.0,5241.0,1.0
5140,25.0,104818.0,1.0
5150,29.0,20992.5,1.0
5160,31.0,174068.0,1.0
5165,31.0,54706.5,1.0
5200,24.0,6006.5,1.0
5220,31.0,48676.0,1.0
5230,23.0,28870.5,1.0
5240,30.0,1.2383835e+06,1.0
5250,30.0,42173.5,1.0
5260,24.0,151402.5,1.0
5300,23.0,60579.5,1.0
5310,23.0,76869.0,1.0
5320,24.0,32952.0,1.0
5330,30.0,83864.0,1.0
5340,23.0,12754.5,1.0
5350,24.0,70118.0,1.0
5360,24.0,33594.0,1.0
5400,23.0,509456.5,1.0
5410,23.0,68018.5,1.0
5420,24.0,63226.5,1.0
5500,29.0,10759.0,1.0
5510,28.0,138645.5,1.0
5520,29.0,178532.0,1.0
5530,29.0,21612.0,1.0
5540,28.0,58678.0,1.0
5550,28.0,189275.5,1.0
5560,26.0,38233.0,1.0
5600,29.0,186845.0,1.0
5610,29.0,319292.5,1.0
5620,29.0,639444.5,1.0
5630,29.0,42237.0,1.0
5700,22.0,1.8580905e+06,1.0
5800,27.0,70195.0,1.0
5810,31.0,204379.5,1.0
5820,22.0,151870.5,1.0
5840,30.0,203712.5,1.0
5850,28.0,44112.5,1.0
5860,31.0,575464.0,1.0
5900,26.0,19674.5,1.0
5910,31.0,4842.0,1.0
5920,31.0,13420.0,1.0
5940,31.0,316571.5,1.0
6005,43.0,31693.5,1.0
6010,42.0,10051.0,1.0
6040,42.0,28554.5,1.0
6050,41.0,360797.0,1.0
6100,43.0,22420.0,1.0
6120,43.0,7624.0,1.0
6130,43.0,40471.5,1.0
6200,47.0,524517.0,1.0
6210,50.0,13094.0,1.0
6220,47.0,85756.0,1.0
6230,47.0,714572.5,1.0
6240,47.0,91739.0,1.0
6250,47.0,34007.0,1.0
6260,47.0,836279.5,1.0
6300,47.0,8205.5,1.0
6320,65.0,214320.5,1.0
6330,47.0,71971.0,1.0
6355,47.0,465542.5,1.0
6360,47.0,25891.0,1.0
6400,47.0,27519.5,1.0
6420,47.0,290088.5,1.0
6430,47.0,1420.5,1.0
6440,47.0,321645.0,1.0
6460,47.0,15865.5,1.0
6500,47.0,2406.5,1.0
6515,47.0,121306.0,1.0
6520,47.0,77168.0,1.0
6530,47.0,39043.5,1.0
6600,47.0,26388.0,1.0
6660,2.0,49180.0,1.0
6700,46.0,19674.0,1.0
6710,47.0,16950.5,1.0
6720,47.0,18968.0,1.0
6730,47.0,68478.0,1.0
6740,66.0,7783.0,1.0
6765,47.0,28985.0,1.0
6800,48.0,27739.5,1.0
6820,47.0,19387.5,1.0
6830,48.0,7595.0,1.0
6840,48.0,43465.5,1.0
6940,48.0,48904.0,1.0
7000,44.0,181105.5,1.0
7010,45.0,156942.0,1.0
7020,45.0,105500.0,1.0
7030,45.0,11260.0,1.0
7040,47.0,16523.5,1.0
7100,45.0,10902.5,1.0
7110,45.0,9537.5,1.0
7120,45.0,35157.0,1.0
7130,47.0,34787.0,1.0
7140,44.0,103853.0,1.0
7150,44.0,94866.0,1.0
7160,44.0,13942.5,1.0
7200,44.0,502586.5,1.0
7210,44.0,183592.0,1.0
7220,44.0,130464.5,1.0
7240,44.0,27746.5,1.0
7260,44.0,43338.5,1.0
7300,46.0,14370.0,1.0
7315,45.0,225558.0,1.0
7320,45.0,21696.0,1.0
7330,44.0,239369.0,1.0
7340,46.0,308222.0,1.0
7350,44.0,17515.5,1.0
7360,46.0,29536.0,1.0
7410,47.0,81683.0,1.0
7420,45.0,113668.5,1.0
7430,46.0,34268.0,1.0
7510,64.0,23166.5,1.0
7540,46.0,16749.0,1.0
7550,46.0,2990.5,1.0
7560,46.0,6762.0,1.0
7610,65.0,8709.0,1.0
7630,46.0,135675.5,1.0
7700,49.0,567005.0,1.0
7710,62.0,5568.5,1.0
7720,62.0,67160.0,1.0
7730,62.0,9293.0,1.0
7740,47.0,18471.0,1.0
7750,62.0,497103.0,1.0
7800,54.0,90738.0,1.0
7810,54.0,140027.0,1.0
7830,61.0,4856.5,1.0
7840,54.0,45073.0,1.0
7850,61.0,5010.5,1.0
7855,61.0,58844.5,1.0
7900,20.0,46795.5,1.0
7920,61.0,7814.0,1.0
7930,56.0,4793.5,1.0
7940,56.0,5500.0,1.0
7950,56.0,69880.5,1.0
7960,56.0,1858.0,1.0
8000,56.0,18113.5,1.0
8010,56.0,4336.0,1.0
8030,50.0,213252.5,1.0
8040,61.0,14637.5,1.0
8060,50.0,2108.0,1.0
8100,57.0,27471.0,1.0
8130,50.0,34521.0,1.0
8140,62.0,352808.0,1.0
8150,57.0,2801.5,1.0
8200,57.0,6731.0,1.0
8210,50.0,1730.0,1.0
8220,58.0,220113.0,1.0
8250,59.0,18301.5,1.0
8255,59.0,122082.5,1.0
8256,53.0,13819.5,1.0
8300,60.0,88565.0,1.0
8310,60.0,22379.0,1.0
8320,60.0,75915.5,1.0
8330,52.0,4954.5,1.0
8340,60.0,1470.5,1.0
8350,52.0,24239.0,1.0
8400,60.0,4803.5,1.0
8410,60.0,5192.5,1.0
8420,60.0,7698.5,1.0
8450,52.0,19069.5,1.0
8460,60.0,12142.5,1.0
8500,51.0,34732.0,1.0
8510,51.0,8265.0,1.0
8530,58.0,17549.5,1.0
8540,58.0,11467.5,1.0
8550,58.0,14454.5,1.0
8600,55.0,32948.5,1.0
8610,55.0,55239.5,1.0
8620,55.0,54107.5,1.0
8630,55.0,25815.0,1.0
8640,61.0,36471.5,1.0
8650,61.0,55108.0,1.0
8710,61.0,38292.5,1.0
8720,61.0,18657.5,1.0
8730,61.0,6973.5,1.0
8740,63.0,410156.0,1.0
8750,46.0,15492.5,1.0
8760,53.0,44814.0,1.0
8800,61.0,129529.5,1.0
8810,61.0,86505.0,1.0
8830,61.0,23770.0,1.0
8850,61.0,6894.0,1.0
8860,61.0,2697.5,1.0
8910,50.0,4552.0,1.0
8920,53.0,18081.0,1.0
8930,61.0,16348.0,1.0
8940,61.0,10934.5,1.0
8950,62.0,18496.0,1.0
8965,61.0,648437.0,1.0
9000,64.0,135976.0,1.0
9030,20.0,82701.0,1.0
9040,20.0,26889.0,1.0
9050,39.0,50899.0,1.0
9110,64.0,7226.5,1.0
9120,64.0,263169.5,1.0
9130,64.0,1.819829e+06,1.0
9140,64.0,140253.0,1.0
9150,64.0,13833.0,1.0
9200,65.0,33018.0,1.0
9230,65.0,2111.0,1.0
9240,65.0,31496.5,1.0
9260,65.0,7021.0,1.0
9300,65.0,15356.5,1.0
9310,65.0,24384.0,1.0
9350,64.0,30974.0,1.0
9360,66.0,48533.5,1.0
9410,39.0,27188.0,1.0
9415,39.0,13045.5,1.0
9420,66.0,12748.0,1.0
9510,65.0,41268.0,1.0
9520,65.0,23105.5,1.0
9560,65.0,7824.5,1.0
9600,64.0,303640.5,1.0
9610,66.0,147200.5,1.0
9620,66.0,955404.5,1.0
9630,66.0,19000.0,1.0
9640,66.0,204370.5,1.0
9650,65.0,15453.0,1.0
9720,66.0,50849.5,1.0
9750,38.0,31262.5,1.0
