item,old_claim,corrected,reason
Gate 3b,"""semantic PASS"" (CONDITIONAL PASS, proceeding to 2023)","FAILED by its own pre-registered rule: every route misses >=1 of (a)-(d); (d) earnings-level fails all routes (1-yr pre-registered 1.80%, ADJINC-only 0.59% adopted post hoc, 3-yr 1.92%, all vs <=1%)","The spec has no 'semantic pass' category; the stop rule was overridden. Survivable via the spec's honest-partial path, with the consequence stated."
L4 / L4b card pairing,card showed only paper-convention 7.0 (L4) vs 7.3 (L4b); corrected-convention L4b=29.2 omitted,both conventions paired: L4 7.0|L4b 7.3 (paper); L4 5.2|L4b 29.2 (corrected),Spec A.5 requires each L4 to sit beside its L4b on the SAME convention.
Headline framing,"""essentially unchanged from 7.3% in 2000-2010"" (unconditional, on the SHARE)",Lead with the convention-ROBUST absolute contribution: 0.04 pp/yr (2000-10) vs 0.06 pp/yr (2010-23) under BOTH conventions. 'Essentially unchanged' only convention-qualified.,The SHARE is deflator-sensitive (L4b 7.3 vs 29.2) because only the denominator (actual growth) moves; the absolute friction contribution is invariant.
mean tau-hat / tau_paths.csv / fig1,"Python estimator (BW 1960 7.90, WW 1960 6.85); mean_tauH_wt column 1e5-1e10","Octave 'Mean(weighted)' estimator (BW 1960 6.685, WW 1960 6.818); garbage mean_tauH_wt column dropped",The Python weighted mean does not match the paper's Octave estimator in early periods; fig1 inherited the error.
robustness_summary.csv,"columns L3_tauH/L3_tauW/L4_tauH/L4_tauW held the TauWTauH row's Ywkr/Cons (29.2/60.5, 11.3/17.4)",columns now hold the true tauH-only / tauW-only Ymkt shares (L3 34.2/6.2; L4 5.4/1.5),Mislabeled columns.
R4 crosswalk robustness,"""R4 SPLIT crosswalk""","""R4 argmax-split proxy"": argmax(split_share) differs from the modal map in only 5 of 538 codes (2545,3545,5040,6835,7905)","Not a true fractional SPLIT allocation; it probes only 5 parent-override decisions, not full crosswalk uncertainty."
"Gate 4 (b),(c)",cited the Phase-2a staged audit values; Gate 4 run after the model,"recomputed in-run with scripts/04: (b) Duncan 0.0103 vs baseline 0.0114 (ratio 0.90); (c) group ratios WM 0.94/WW 0.80/BM 0.86/BW 0.99; (a) 96.46% unambiguous, 0% unmapped","Gate 4 must be recomputed with script 04, not cited."
Gate 2b(ii),assignment table generated by a Python loop encoding the rule (tautological),"arrays TauW_alt/TauH_alt/Z_alt DUMPED from production how_much_poorer.m at t0=1970 and t0=2010, diffed vs rule: PASS, covering the t0>1 incumbent path L4 depends on",The prior check tested its own construction; the t0>1 incumbent path was never exercised.
group_shares.csv,header-only (empty); no LivingDefl L6,"filled (L3 & L4 group splits, paper convention) + LivingDefl L6 (corrected convention) WW/BM/BW 3.8/0.5/0.8",Deliverable dropped outside the continuation mechanism.
Dropped deliverables,"L7, L2 young-propensity SD, L8 earnings/worker, L9 annual SDs missing","all added (L7_WW_tau_by_occupation.csv, L2_sd_ln_relprop_young.csv, L8_tableIV_fit_2023.csv, L9_annual_sd_ln_relprop.csv)",Deliverables dropped 'as redundant' without a continuation.
3-year PUMS fetch,not flagged,"DISCLOSED: the 2010-2012 3-year PUMS fetch was outside its literal trigger (two tolerances failing, not population-shares-only)",Spec permitted the fetch only if the failure was population shares only.
003 'tauW flat',"""the labour-market wedge tauW flat"" (all groups)","tauW flat for BM (rose slightly, -26% share), minor for BW (12%), but ~half of WW's decline (tauW = 47% of WW's 2010-23 decline; 51% under R5)","False for WW: WW is ~50/50 tauH/tauW, not tauH-dominated."
003 Hurst-Rubinstein-Shimizu,"""flat adjusted gaps ALONGSIDE low/flat measured labour-market discrimination""",HRS: the adjusted Black-white male wage gap stayed flat since ~1980 EVEN AS taste-based discrimination FELL (because returns to Abstract tasks rose),Mischaracterized HRS.
003 '~8.8% permanently unrealised',no [PROJECTED] tag,"[PROJECTED, conditional on the fitted law, A/phi/z-tilde/q held at 2023] tag added",Required B3 label was missing.
003 projection error band,projection reported with no backtest-error band,"band added: WW backtest error 0.193 >> the projected 2023->2033 decline of 0.049 in ln tau, so the 0.08%/decade sits INSIDE the law's demonstrated forecast error",The projection's forecast power is below its own backtest error for WW.
003 continued/slowed cut-off,presented as if pre-registered,declared as the study's OWN post-hoc choice (1/3-of-historical line); WW is borderline (0.341 vs 0.333),The spec defines only 'stalled'/'not classifiable'; the continued/slowed line is not pre-registered.
003 headline 'projected',lowercase 'projected' without the conditional tag,"full [PROJECTED, conditional on the fitted law, A/phi/z-tilde/q held at 2023; NOT a growth forecast] tag",B3 label discipline.
003 forward-contribution comparison,0.0075%/yr compared only with the 1960-2010 ~0.69%/yr (~90x),also compared with the MEASURED 2010-23 contribution ~0.06%/yr (the forward dividend is ~8x smaller than even the just-measured decade),The nearest baseline (2010-23) was omitted.
