group,year,mean_tauhat_wt,var_ln_tauhat
WM,1960,1.0,0.0
WM,1970,1.0,0.0
WM,1980,1.0,0.0
WM,1990,1.0,0.0
WM,2000,1.0,0.0
WM,2010,1.0,0.0
WM,2023,1.0,0.0
WW,1960,6.818,0.9493
WW,1970,4.59,0.69072
WW,1980,3.042,0.69253
WW,1990,2.258,0.61821
WW,2000,2.18,0.56054
WW,2010,2.232,0.60153
WW,2023,1.946,0.49908
BM,1960,2.871,0.40203
BM,1970,1.967,0.23368
BM,1980,1.589,0.1098
BM,1990,1.568,0.11823
BM,2000,1.516,0.10804
BM,2010,1.494,0.10101
BM,2023,1.459,0.08952
BW,1960,6.685,0.98744
BW,1970,5.827,0.95424
BW,1980,3.364,0.75685
BW,1990,2.767,0.69486
BW,2000,2.348,0.59772
BW,2010,2.543,0.60227
BW,2023,2.372,0.5429
