variant,L3_Ymkt_TauWTauH,L3_Ymkt_tauH_only,L3_Ymkt_tauW_only,L4_Ymkt_TauWTauH,L4_Ymkt_tauH_only,L4_Ymkt_tauW_only,L5_remaining_2023
"primary (W*, paper deflator)",38.5,34.2,6.2,7.0,5.4,1.5,9.0
R6 corrected deflator (LivingDefl),38.5,34.2,6.2,5.2,3.9,1.1,9.0
R1 non-Hispanic white,38.7,34.5,6.0,4.4,3.8,0.5,9.4
R2 literal white (RAC1P==1),38.7,34.5,6.1,5.2,4.3,0.7,9.3
R3 2024-only,38.4,34.1,6.3,7.1,5.3,1.7,8.9
R4 argmax-split proxy (5/538 codes; see note),38.6,34.2,6.2,6.9,5.4,1.3,9.0
R5 unscaled 12yr interval,37.2,33.0,6.1,5.2,3.9,1.2,9.1
R8 cohort-following bands,38.7,34.4,6.2,7.8,6.1,1.5,8.8

# CORRECTION (004): prior file's L3_tauH/L3_tauW/L4_tauH/L4_tauW columns actually held
"# the TauWTauH row's Ywkr and Cons shares (primary 29.2/60.5, 11.3/17.4), NOT the"
# tauH-only / tauW-only Ymkt shares. These columns now hold the true tauH-only and
# tauW-only Ymkt shares from the separate counterfactual rows.
