estimand,group,year,octave_6period_repl,octave_7period_living,pct_change,flag_gt1pct,raw_tauhat_max_rel_diff_6v7
L1_mean_tauhat,WW,1960,6.93,6.818,-1.62,YES,4.6e-16
L1_mean_tauhat,WW,1970,4.651,4.59,-1.31,YES,4.6e-16
L1_mean_tauhat,WW,1980,3.103,3.042,-1.97,YES,4.6e-16
L1_mean_tauhat,WW,1990,2.313,2.258,-2.38,YES,4.6e-16
L1_mean_tauhat,WW,2000,2.233,2.18,-2.37,YES,4.6e-16
L1_mean_tauhat,WW,2010,2.293,2.232,-2.66,YES,4.6e-16
L1_mean_tauhat,BM,1960,2.827,2.871,1.56,YES,4.6e-16
L1_mean_tauhat,BM,1970,1.947,1.967,1.03,YES,4.6e-16
L1_mean_tauhat,BM,1980,1.579,1.589,0.63,no,4.6e-16
L1_mean_tauhat,BM,1990,1.559,1.568,0.58,no,4.6e-16
L1_mean_tauhat,BM,2000,1.509,1.516,0.46,no,4.6e-16
L1_mean_tauhat,BM,2010,1.493,1.494,0.07,no,4.6e-16
L1_mean_tauhat,BW,1960,6.73,6.685,-0.67,no,4.6e-16
L1_mean_tauhat,BW,1970,5.93,5.827,-1.74,YES,4.6e-16
L1_mean_tauhat,BW,1980,3.423,3.364,-1.72,YES,4.6e-16
L1_mean_tauhat,BW,1990,2.827,2.767,-2.12,YES,4.6e-16
L1_mean_tauhat,BW,2000,2.378,2.348,-1.26,YES,4.6e-16
L1_mean_tauhat,BW,2010,2.604,2.543,-2.34,YES,4.6e-16
