case_dir,case,stage,rc,seconds
G2b,Benchmark,S1,1,2
G2b,Benchmark,S1,1,24
G2b,Benchmark,S1,0,26
G2b,Benchmark,S2,1,0
G2b,Benchmark,S2,0,9
G2b,Benchmark,S3,1,1
G2b,Benchmark,S3,1,56
G2b,Benchmark,S3,0,282
G2b,Benchmark,L3c1,0,167
G2b,Benchmark,L4c1,0,167
G2b,Benchmark,L4bc1,0,168
G2b,Benchmark,L3c3,0,177
G2b,Benchmark,L3c4,0,168
G2b,Benchmark,L3c5,0,168
G2b,Benchmark,L4c3,0,167
G2b,Benchmark,L4c4,0,169
G2b,Benchmark,L4c5,0,169
G2b,Benchmark,D1,0,172
G2b,Benchmark,D2,0,170
G2b,Benchmark,D3,0,169
G2b,Benchmark,D4,0,168
G2b,Benchmark,g2bdump,0,1
LivingDefl,Benchmark,S1,0,25
LivingDefl,Benchmark,S2,0,10
LivingDefl,Benchmark,S3,0,300
LivingDefl,Benchmark,L4c1,0,178
LivingDefl,Benchmark,L4bc1,0,176
LivingDefl,Benchmark,L3c1,0,174
LivingDefl,Benchmark,t6_7_c3,0,166
LivingDefl,Benchmark,t6_7_c5,0,167
LivingDefl,Benchmark,t6_7_c4,0,167
Living_defl104,Benchmark,S1,0,6
Living_defl104,Benchmark,S2,0,3
Living_defl104,Benchmark,S3,0,281
Living_defl104,Benchmark,t6_7_c1,0,166
Living_defl104,Benchmark,t5_6_c1,0,168
Living_s1016,Benchmark,S1,0,6
Living_s1016,Benchmark,S2,0,3
Living_s1016,Benchmark,S3,0,281
Living_s1016,Benchmark,t6_7_c1,0,166
Living_s1019,Benchmark,S1,1,1
Living_s1019,Benchmark,S1,1,1
Living_s1019,Benchmark,S1,1,1
Living_s1019,Benchmark,S1,1,1
Living_s1019,Benchmark,S1,0,6
Living_s1019,Benchmark,S2,0,3
Living_s1019,Benchmark,S3,0,283
Living_s1019,Benchmark,t6_7_c1,0,168
Living_s1019,Benchmark,S1,0,6
Living_s1019,Benchmark,S2,0,2
Living_s1019,Benchmark,S3,0,280
Living_s1019,Benchmark,t6_7_c1,0,167
Living_stab,Benchmark,S1,1,2
Living_stab,Benchmark,S1,1,24
Living_stab,Benchmark,S1,0,26
Living_stab,Benchmark,S2,1,0
Living_stab,Benchmark,S2,0,9
Living_stab,Benchmark,S3,1,1
Living_stab,Benchmark,S3,1,56
Living_stab,Benchmark,S3,0,282
Living_stab,Benchmark,L3c1,0,167
Living_stab,Benchmark,L4c1,0,167
Living_stab,Benchmark,L4bc1,0,168
Living_stab,Benchmark,L3c3,0,177
Living_stab,Benchmark,L3c4,0,168
Living_stab,Benchmark,L3c5,0,168
Living_stab,Benchmark,L4c3,0,167
Living_stab,Benchmark,L4c4,0,169
Living_stab,Benchmark,L4c5,0,169
Living_stab,Benchmark,D1,0,172
Living_stab,Benchmark,D2,0,170
Living_stab,Benchmark,D3,0,169
Living_stab,Benchmark,D4,0,168
Living_stab,Benchmark,t1_6_c4,0,168
Living_stab,Benchmark,t1_6_c1,0,168
Living_stab,Benchmark,t1_6_c3,0,169
Living_stab,Benchmark,t1_6_c5,0,168
