group,period,year,mean_tauhat_wt,var_ln_tauhat,mean_tauW_wt,mean_z_wt
WM,1,1960,1.0,0.0,0.0,1.0618
WM,2,1970,1.0,0.0,0.0,0.9452
WM,3,1980,1.0,0.0,0.0,0.95002
WM,4,1990,1.0,0.0,0.0,0.88226
WM,5,2000,1.0,0.0,0.0,1.02389
WM,6,2010,1.0,0.0,0.0,0.89229
WM,7,2023,1.0,0.0,0.0,0.87727
WW,1,1960,6.818,0.9493,0.44544,0.63875
WW,2,1970,4.59,0.69072,0.38817,0.60658
WW,3,1980,3.042,0.69253,0.26144,0.66177
WW,4,1990,2.258,0.61821,0.16881,0.66436
WW,5,2000,2.18,0.56054,0.14215,0.8727
WW,6,2010,2.232,0.60153,0.12456,0.771
WW,7,2023,1.946,0.49908,0.09947,0.77768
BM,1,1960,2.871,0.40203,0.3114,0.99745
BM,2,1970,1.967,0.23368,0.19202,0.89872
BM,3,1980,1.589,0.1098,0.11048,0.741
BM,4,1990,1.568,0.11823,0.06449,0.66481
BM,5,2000,1.516,0.10804,0.03917,0.79615
BM,6,2010,1.494,0.10101,0.00695,0.72608
BM,7,2023,1.459,0.08952,-0.00097,0.76205
BW,1,1960,6.685,0.98744,0.50567,0.76632
BW,2,1970,5.827,0.95424,0.41285,0.7529
BW,3,1980,3.364,0.75685,0.22863,0.72854
BW,4,1990,2.767,0.69486,0.14253,0.69647
BW,5,2000,2.348,0.59772,0.11978,0.91808
BW,6,2010,2.543,0.60227,0.10481,0.85233
BW,7,2023,2.372,0.5429,0.11013,0.84479
