spec,horizon,years_ahead,Ymkt_base,Ymkt_proj,gain_Ymkt_pct_PROJECTED,gain_Y_pct_PROJECTED,gain_GDPYoung_pct_PROJECTED,annualized_pct_per_yr_PROJECTED
primary,2033,10,61793.1,61839.5,0.075,0.073,0.248,0.0075
primary,2043,20,61793.1,61870.9,0.126,0.123,0.416,0.0063
primary,tau->tau_inf,,61793.1,61933.6,0.227,0.222,0.752,
R5,2033,10,63799.7,63846.1,0.073,0.071,0.248,0.0073
R5,2043,20,63799.7,63877.4,0.122,0.119,0.416,0.0061
R5,tau->tau_inf,,63799.7,63940.1,0.220,0.215,0.752,
R8,2033,10,61735.2,61784.9,0.081,0.079,0.248,0.0081
R8,2043,20,61735.2,61818.5,0.135,0.132,0.416,0.0067
R8,tau->tau_inf,,61735.2,61885.6,0.244,0.238,0.751,
