case,window,counterfactual,group,Y,Ymkt,Ywkr,LFP,Earn,Cons,EarnY,gdpY,GapWW,GapBM,GapBW,EarnWM,EarnWW,EarnBM,EarnBW,Util
R1_W_NH,1960->2023,TauH,ALL,38.4,34.5,42.6,13.4,20.8,33.1,22.7,37.0,123.2,54.9,67.7,-9.7,39.8,-0.1,17.0,132.7
R1_W_NH,1960->2023,TauW,ALL,5.4,6.0,-6.6,38.6,25.0,34.9,25.4,4.1,83.1,96.7,48.5,-1.9,35.2,25.8,22.7,161.7
R1_W_NH,1960->2023,TauWTauH,ALL,41.2,38.7,29.8,61.7,38.9,58.4,42.0,40.1,193.6,175.7,119.0,-10.8,77.4,28.0,44.4,286.5
R1_W_NH,2010->2023,TauH,ALL,69.6,3.8,5.5,1.0,2.8,4.5,2.3,5.2,-32.6,-8.2,-8.4,-3.0,4.6,3.2,3.6,-22.1
R1_W_NH,2010->2023,TauW,ALL,8.3,0.5,0.5,0.4,7.9,4.6,2.4,0.7,-269.0,24.6,37.9,-0.4,42.2,-8.9,-15.0,-9.9
R1_W_NH,2010->2023,TauWTauH,ALL,79.6,4.4,6.0,1.6,11.2,9.8,5.1,6.0,-305.2,15.0,29.2,-3.5,47.6,-5.2,-11.3,-35.1
R2_W_lit,1960->2023,TauH,ALL,38.2,34.5,42.7,13.7,20.8,33.5,22.9,37.3,122.2,48.9,65.3,-9.6,39.5,-0.6,17.0,123.5
R2_W_lit,1960->2023,TauW,ALL,5.5,6.1,-6.6,38.4,25.2,35.6,25.8,4.3,83.6,94.0,49.0,-1.9,35.3,27.1,23.7,151.2
R2_W_lit,1960->2023,TauWTauH,ALL,41.1,38.7,29.7,61.7,39.0,59.2,42.3,40.5,193.0,165.0,116.8,-10.8,77.1,28.7,45.4,266.6
R2_W_lit,2010->2023,TauH,ALL,659.2,4.3,6.6,1.0,3.1,4.8,2.4,5.6,-31.2,-10.4,-10.6,-3.2,4.5,4.0,4.6,-35.6
R2_W_lit,2010->2023,TauW,ALL,107.3,0.7,0.7,0.8,11.1,6.6,3.4,1.0,-267.9,21.9,35.0,-0.4,42.9,-8.0,-14.5,-26.6
R2_W_lit,2010->2023,TauWTauH,ALL,780.1,5.2,7.4,1.9,14.7,12.3,6.3,6.8,-302.6,9.8,23.9,-3.7,48.2,-3.4,-9.7,-67.8
R3_2024only,1960->2023,TauH,ALL,37.4,34.1,42.2,13.8,20.3,33.1,22.3,37.1,117.0,38.6,58.6,-9.3,38.2,-1.7,16.7,98.2
R3_2024only,1960->2023,TauW,ALL,5.5,6.3,-6.5,38.3,25.6,36.8,26.5,4.7,84.1,90.4,50.9,-1.9,35.7,30.9,26.1,129.2
R3_2024only,1960->2023,TauWTauH,ALL,40.2,38.4,29.2,61.3,38.8,59.6,42.2,40.5,188.6,144.8,110.6,-10.5,76.3,30.5,47.2,219.8
R3_2024only,2010->2023,TauH,ALL,-116.8,5.3,9.5,0.2,2.6,3.8,1.9,6.6,-68.8,-26.7,-21.5,-3.1,2.6,7.7,7.2,14.0
R3_2024only,2010->2023,TauW,ALL,-35.2,1.7,1.7,1.7,18.9,11.9,6.2,2.2,-772.8,-0.3,20.2,-0.6,44.1,0.1,-7.3,57.7
R3_2024only,2010->2023,TauWTauH,ALL,-154.3,7.1,11.3,2.1,22.0,16.6,8.5,9.0,-847.8,-31.5,-2.7,-3.8,47.1,9.6,0.4,77.3
R4_SPLIT,1960->2023,TauH,ALL,37.7,34.2,42.3,14.3,20.5,34.0,22.9,37.5,120.0,36.2,60.7,-9.2,39.1,-2.4,17.1,116.5
R4_SPLIT,1960->2023,TauW,ALL,5.5,6.2,-6.7,38.2,25.5,37.0,26.6,4.6,84.7,91.2,51.1,-1.9,35.8,30.7,26.1,146.1
R4_SPLIT,1960->2023,TauWTauH,ALL,40.6,38.6,29.1,62.0,38.9,60.7,42.8,41.0,191.5,146.1,113.4,-10.4,77.3,30.2,47.7,252.6
R4_SPLIT,2010->2023,TauH,ALL,-48.6,5.4,9.5,0.7,3.3,5.1,2.4,6.7,-31.9,-15.1,-14.8,-2.8,4.8,5.8,7.6,-77.2
R4_SPLIT,2010->2023,TauW,ALL,-10.9,1.3,1.0,1.7,19.1,11.8,5.7,1.7,-284.7,6.5,20.5,-0.4,49.1,-2.6,-10.7,-140.7
R4_SPLIT,2010->2023,TauWTauH,ALL,-61.0,6.9,10.7,2.6,23.0,17.9,8.6,8.6,-320.9,-11.2,5.5,-3.2,54.8,4.4,-3.0,-232.8
R5_unscaled,1960->2023,TauH,ALL,36.1,33.0,40.4,14.0,19.7,30.6,22.6,37.3,119.3,34.9,59.4,-8.6,38.1,-2.6,16.5,84.4
R5_unscaled,1960->2023,TauW,ALL,5.3,6.1,-6.3,38.1,24.6,33.6,26.5,4.7,84.5,92.6,51.1,-1.8,35.1,30.3,25.7,108.1
R5_unscaled,1960->2023,TauWTauH,ALL,38.9,37.2,27.8,61.5,37.5,54.9,42.6,40.8,190.8,146.4,112.6,-9.8,75.5,29.6,46.8,185.9
R5_unscaled,2010->2023,TauH,ALL,27.0,3.9,5.9,0.5,1.9,4.4,2.0,6.3,-28.3,-13.3,-13.5,-1.3,2.9,4.2,5.5,-60.3
R5_unscaled,2010->2023,TauW,ALL,7.5,1.2,0.9,1.6,12.9,12.1,5.8,1.9,-283.9,0.3,18.1,-0.3,34.0,-0.1,-7.7,-132.0
R5_unscaled,2010->2023,TauWTauH,ALL,35.1,5.2,6.9,2.3,15.1,17.4,8.3,8.4,-315.5,-15.5,4.3,-1.6,37.5,5.1,-2.1,-204.9
R8_bands,1960->2023,TauH,ALL,37.6,34.4,42.8,13.9,20.4,32.6,22.8,37.6,119.7,36.1,60.0,-9.3,38.8,-2.5,16.8,100.2
R8_bands,1960->2023,TauW,ALL,5.4,6.2,-6.6,37.3,25.4,35.4,26.5,4.7,84.5,91.5,50.9,-2.0,35.6,30.3,25.7,126.2
R8_bands,1960->2023,TauWTauH,ALL,40.4,38.7,29.6,60.6,38.9,58.1,42.7,41.2,191.1,147.6,113.1,-10.6,76.7,30.0,47.1,218.6
R8_bands,2010->2023,TauH,ALL,-57.1,6.1,11.7,0.8,3.9,5.5,2.6,7.0,-31.8,-17.0,-15.5,-3.4,5.4,7.1,8.0,-114.9
R8_bands,2010->2023,TauW,ALL,-13.1,1.5,1.7,1.4,18.1,10.7,5.2,1.7,-246.5,10.0,22.1,-0.5,46.4,-4.3,-11.9,-157.2
R8_bands,2010->2023,TauWTauH,ALL,-71.9,7.8,13.6,2.4,22.8,17.4,8.4,9.0,-282.5,-10.3,5.9,-4.0,52.7,4.3,-3.4,-295.5
corrected_defl,1960->2023,TauH,ALL,37.7,34.2,42.3,14.1,20.5,33.7,22.7,37.4,119.2,36.1,59.8,-9.2,38.9,-2.4,16.9,112.6
corrected_defl,1960->2023,TauW,ALL,5.6,6.2,-6.7,38.1,25.5,36.8,26.5,4.7,84.1,90.9,50.6,-1.9,35.7,30.7,25.9,142.3
corrected_defl,1960->2023,TauWTauH,ALL,40.6,38.5,29.2,61.6,38.9,60.1,42.6,40.9,190.2,145.6,112.3,-10.4,76.9,30.2,47.4,245.7
corrected_defl,2000->2010,TauH,ALL,-5.5,16.8,34.8,-5.6,-13.5,-1.9,-9.3,-28.2,2.3,4.1,3.5,-0.1,2.7,-21.4,0.1,0.3
corrected_defl,2000->2010,TauW,ALL,-3.2,12.2,1.2,25.9,-184.4,-9.4,-60.6,-20.6,23.9,56.2,14.4,0.3,25.2,131.1,10.8,-2.3
corrected_defl,2000->2010,TauWTauH,ALL,-8.7,29.2,35.6,21.4,-200.1,-11.6,-72.2,-49.3,26.5,61.0,17.3,0.2,28.3,116.0,10.1,-2.1
corrected_defl,2010->2023,TauH,ALL,19.3,3.9,5.6,0.7,2.0,3.6,2.0,5.8,-31.7,-15.7,-14.9,-1.2,3.0,5.0,5.9,15.4
corrected_defl,2010->2023,TauW,ALL,5.1,1.1,0.9,1.4,11.1,8.2,4.7,1.6,-286.9,7.1,21.5,-0.2,30.6,-2.3,-8.7,24.6
corrected_defl,2010->2023,TauWTauH,ALL,24.8,5.2,6.7,2.3,13.4,12.5,7.1,7.6,-322.5,-11.1,6.2,-1.5,34.1,3.6,-2.7,42.7
primary_W*_paperdefl,1960->1970,TauH,ALL,4.5,5.7,4.7,16.0,1.9,5.1,6.6,17.1,106.0,23.0,23.1,-0.7,8.0,5.4,6.5,9.2
primary_W*_paperdefl,1960->1970,TauW,ALL,0.8,1.5,-2.4,40.7,7.1,6.9,10.4,4.4,394.8,106.0,52.1,-0.2,20.0,30.8,26.9,22.2
primary_W*_paperdefl,1960->1970,TauWTauH,ALL,5.0,6.8,2.3,52.8,8.5,10.7,15.3,20.5,494.6,125.1,73.8,-0.9,26.3,34.7,34.7,29.2
primary_W*_paperdefl,1960->2023,TauH,ALL,37.7,34.2,42.3,14.1,20.5,33.9,22.7,37.4,119.3,36.1,59.8,-9.2,38.9,-2.4,16.9,115.2
primary_W*_paperdefl,1960->2023,TauW,ALL,5.5,6.2,-6.6,38.1,25.4,37.0,26.5,4.7,84.1,90.9,50.6,-1.9,35.7,30.7,25.9,145.6
primary_W*_paperdefl,1960->2023,TauWTauH,ALL,40.6,38.5,29.2,61.6,38.8,60.5,42.6,40.9,190.2,145.6,112.3,-10.4,76.9,30.1,47.3,251.5
primary_W*_paperdefl,1970->1980,TauH,ALL,53.4,49.9,73.2,34.9,21.2,-92.4,70.4,108.7,63.0,7.7,22.9,-10.4,50.0,-4.5,9.7,-26.3
primary_W*_paperdefl,1970->1980,TauW,ALL,2.1,5.9,-65.1,51.6,49.5,-98.6,82.1,12.6,151.2,52.5,92.4,-1.2,84.9,37.7,63.5,-34.3
primary_W*_paperdefl,1970->1980,TauWTauH,ALL,55.5,56.0,-2.2,93.6,69.1,-184.8,149.9,122.8,210.5,59.4,118.5,-11.8,141.6,31.7,77.3,-59.9
primary_W*_paperdefl,1980->1990,TauH,ALL,13.0,12.2,14.8,8.5,7.0,21.6,30.0,46.2,28.0,-20.3,21.2,-2.7,12.7,-12.9,5.3,19.5
primary_W*_paperdefl,1980->1990,TauW,ALL,3.0,3.5,-3.7,13.6,20.8,28.7,41.7,13.1,85.9,135.5,76.1,-1.0,29.1,29.2,21.9,26.9
primary_W*_paperdefl,1980->1990,TauWTauH,ALL,15.7,15.4,10.1,22.9,27.2,48.5,69.6,59.0,111.9,120.7,97.2,-3.6,41.9,17.3,27.5,45.6
primary_W*_paperdefl,1990->2000,TauH,ALL,1.5,2.4,5.1,-9.8,-1.0,-8.4,-29.2,61.0,1.8,25.8,6.9,-0.7,-1.8,3.9,1.4,-3.0
primary_W*_paperdefl,1990->2000,TauW,ALL,0.2,0.7,-1.7,11.2,7.2,11.5,37.7,17.8,19.2,79.8,24.4,-0.3,9.4,13.3,8.8,3.6
primary_W*_paperdefl,1990->2000,TauWTauH,ALL,1.8,3.3,4.2,-0.7,6.0,1.7,3.3,85.0,21.3,107.2,31.8,-1.0,7.2,17.9,10.2,0.0
primary_W*_paperdefl,2000->2010,TauH,ALL,41.3,4.2,5.5,-5.7,2.0,-2.7,13.0,188.5,2.3,4.0,3.5,-0.2,1.9,-6.9,0.1,0.3
primary_W*_paperdefl,2000->2010,TauW,ALL,24.1,3.1,0.2,26.0,27.9,-13.7,85.5,138.1,24.0,56.4,14.5,0.6,17.3,41.9,8.2,-2.6
primary_W*_paperdefl,2000->2010,TauWTauH,ALL,65.8,7.3,5.6,21.4,30.3,-16.9,101.8,330.5,26.5,61.1,17.4,0.4,19.4,37.0,7.7,-2.4
primary_W*_paperdefl,2010->2023,TauH,ALL,-41.8,5.4,9.6,0.7,3.4,5.0,2.4,6.6,-31.5,-15.7,-14.9,-2.9,4.7,6.2,7.5,-75.7
primary_W*_paperdefl,2010->2023,TauW,ALL,-11.0,1.5,1.6,1.4,18.6,11.5,5.5,1.9,-284.5,7.4,21.6,-0.5,48.0,-3.0,-11.2,-119.2
primary_W*_paperdefl,2010->2023,TauWTauH,ALL,-53.9,7.0,11.3,2.3,22.5,17.4,8.3,8.7,-319.8,-10.8,6.3,-3.4,53.5,4.3,-3.5,-208.4
