group,year,rawtau_max_rel_diff_6v7,mean_tau_6p_wts,mean_tau_7p_wts,mean_tau_7pvals_6pwts,note
WW,1960,2.20e-16,6.9664,6.8533,6.9664,raw tauhat identical; mean shift = weight-vector (earningsweights_avg incl 2023)
WW,1970,3.70e-16,4.6511,4.5901,4.6511,raw tauhat identical; mean shift = weight-vector (earningsweights_avg incl 2023)
WW,1980,2.75e-16,3.1029,3.0419,3.1029,raw tauhat identical; mean shift = weight-vector (earningsweights_avg incl 2023)
WW,1990,3.10e-16,2.3128,2.2585,2.3128,raw tauhat identical; mean shift = weight-vector (earningsweights_avg incl 2023)
WW,2000,4.24e-16,2.2329,2.1801,2.2329,raw tauhat identical; mean shift = weight-vector (earningsweights_avg incl 2023)
WW,2010,3.28e-16,2.2928,2.2318,2.2928,raw tauhat identical; mean shift = weight-vector (earningsweights_avg incl 2023)
BM,1960,3.64e-16,2.8365,2.8809,2.8365,raw tauhat identical; mean shift = weight-vector (earningsweights_avg incl 2023)
BM,1970,3.87e-16,1.9471,1.9669,1.9471,raw tauhat identical; mean shift = weight-vector (earningsweights_avg incl 2023)
BM,1980,4.21e-16,1.5793,1.5888,1.5793,raw tauhat identical; mean shift = weight-vector (earningsweights_avg incl 2023)
BM,1990,3.44e-16,1.5591,1.568,1.5591,raw tauhat identical; mean shift = weight-vector (earningsweights_avg incl 2023)
BM,2000,4.62e-16,1.509,1.5155,1.509,raw tauhat identical; mean shift = weight-vector (earningsweights_avg incl 2023)
BM,2010,4.24e-16,1.4931,1.4944,1.4931,raw tauhat identical; mean shift = weight-vector (earningsweights_avg incl 2023)
BW,1960,3.62e-16,7.9362,7.8999,7.9362,raw tauhat identical; mean shift = weight-vector (earningsweights_avg incl 2023)
BW,1970,3.45e-16,6.1547,6.0465,6.1547,raw tauhat identical; mean shift = weight-vector (earningsweights_avg incl 2023)
BW,1980,3.73e-16,3.4229,3.364,3.4229,raw tauhat identical; mean shift = weight-vector (earningsweights_avg incl 2023)
BW,1990,4.23e-16,2.8266,2.7666,2.8266,raw tauhat identical; mean shift = weight-vector (earningsweights_avg incl 2023)
BW,2000,3.18e-16,2.4121,2.3779,2.4121,raw tauhat identical; mean shift = weight-vector (earningsweights_avg incl 2023)
BW,2010,3.36e-16,2.607,2.546,2.607,raw tauhat identical; mean shift = weight-vector (earningsweights_avg incl 2023)
