case,stage,rc,seconds
Benchmark,S1,1,3
Benchmark,S1,0,29
Benchmark,S2,0,10
Benchmark,S3,0,272
Benchmark,H1,0,149
Benchmark,H2,0,160
Benchmark,H3,0,156
Benchmark,H4,0,169
Benchmark,H5,0,163
Gate2,S1,1,1
Gate2,S1,1,15
Gate2,S1,0,17
Gate2,S2,0,9
Gate2,S3,0,45
Gate2,H1,0,132
Gate2,H2,0,131
Gate2,H3,0,0
Gate2,H4,0,1
Gate2,H5,0,0
Benchmark,S1,1,2
Benchmark,S1,1,24
Benchmark,S1,0,26
Benchmark,S2,1,0
Benchmark,S2,0,9
Benchmark,S3,1,1
Benchmark,S3,1,56
Benchmark,S3,0,282
Benchmark,L3c1,0,167
Benchmark,L4c1,0,167
Benchmark,L4bc1,0,168
Benchmark,L3c3,0,177
Benchmark,L3c4,0,168
Benchmark,L3c5,0,168
Benchmark,L4c3,0,167
Benchmark,L4c4,0,169
Benchmark,L4c5,0,169
Benchmark,D1,0,172
Benchmark,D2,0,170
Benchmark,D3,0,169
Benchmark,D4,0,168
Benchmark,S1,0,25
Benchmark,S3,0,300
Benchmark,L4c1,0,178
Benchmark,L4bc1,0,176
Benchmark,L3c1,0,174
Benchmark,S1,0,28
Benchmark,S3,0,283
Benchmark,L3c1,0,166
Benchmark,L4c1,0,169
Benchmark,S3,0,281
Benchmark,L3c1,0,168
Benchmark,L4c1,0,166
Benchmark,S3,0,279
Benchmark,S1,0,24
Benchmark,S3,0,226
Benchmark,H1,0,132
Benchmark,H2,0,132
Benchmark,H3,0,133
Benchmark,H4,0,133
Benchmark,H5,0,132
