cohort,cohort_young_year,period,year,tauW_source_period,tauW_source_year,tauH_z_source_cohort,status
1,2010,1,1960,1,1960,5,held@t0
1,2010,2,1970,2,1970,5,held@t0
1,2010,3,1980,2,1970,5,held@t0
1,2010,4,1990,2,1970,5,held@t0
1,2010,5,2000,2,1970,5,held@t0
1,2010,6,2010,2,1970,5,held@t0
2,2000,1,1960,1,1960,5,held@t0
2,2000,2,1970,2,1970,5,held@t0
2,2000,3,1980,2,1970,5,held@t0
2,2000,4,1990,2,1970,5,held@t0
2,2000,5,2000,2,1970,5,held@t0
2,2000,6,2010,2,1970,5,held@t0
3,1990,1,1960,1,1960,5,held@t0
3,1990,2,1970,2,1970,5,held@t0
3,1990,3,1980,2,1970,5,held@t0
3,1990,4,1990,2,1970,5,held@t0
3,1990,5,2000,2,1970,5,held@t0
3,1990,6,2010,2,1970,5,held@t0
4,1980,1,1960,1,1960,5,held@t0
4,1980,2,1970,2,1970,5,held@t0
4,1980,3,1980,2,1970,5,held@t0
4,1980,4,1990,2,1970,5,held@t0
4,1980,5,2000,2,1970,5,held@t0
4,1980,6,2010,2,1970,5,held@t0
5,1970,1,1960,1,1960,5,own
5,1970,2,1970,2,1970,5,own
5,1970,3,1980,2,1970,5,held@t0
5,1970,4,1990,2,1970,5,held@t0
5,1970,5,2000,2,1970,5,held@t0
5,1970,6,2010,2,1970,5,held@t0
6,1960,1,1960,1,1960,6,own
6,1960,2,1970,2,1970,6,own
6,1960,3,1980,2,1970,6,held@t0
6,1960,4,1990,2,1970,6,held@t0
6,1960,5,2000,2,1970,6,held@t0
6,1960,6,2010,2,1970,6,held@t0
7,pre-1960,1,1960,1,1960,7,own
7,pre-1960,2,1970,2,1970,7,own
7,pre-1960,3,1980,2,1970,7,held@t0
7,pre-1960,4,1990,2,1970,7,held@t0
7,pre-1960,5,2000,2,1970,7,held@t0
7,pre-1960,6,2010,2,1970,7,held@t0
8,pre-1960,1,1960,1,1960,8,own
8,pre-1960,2,1970,2,1970,8,own
8,pre-1960,3,1980,2,1970,8,held@t0
8,pre-1960,4,1990,2,1970,8,held@t0
8,pre-1960,5,2000,2,1970,8,held@t0
8,pre-1960,6,2010,2,1970,8,held@t0
