group,period,year,mean_tauhat_wt,var_ln_tauhat,mean_tauW_wt,mean_tauH_wt,mean_z_wt
WM,1,1960,1.0,0.0,0.0,0.0,1.0618
WM,2,1970,1.0,0.0,0.0,0.0,0.9452
WM,3,1980,1.0,0.0,0.0,0.0,0.95002
WM,4,1990,1.0,0.0,0.0,0.0,0.88226
WM,5,2000,1.0,0.0,0.0,0.0,1.02389
WM,6,2010,1.0,0.0,0.0,0.0,0.89229
WM,7,2023,1.0,0.0,0.0,0.0,0.87727
WW,1,1960,6.85329,0.94754,0.44544,267223.76393,0.63875
WW,2,1970,4.59007,0.69072,0.38817,70888706.66073,0.60658
WW,3,1980,3.04188,0.69253,0.26144,13268180.59344,0.66177
WW,4,1990,2.25848,0.61821,0.16881,19752511.23826,0.66436
WW,5,2000,2.18009,0.56054,0.14215,21090253.36149,0.8727
WW,6,2010,2.23183,0.60153,0.12456,100924895.30758,0.771
WW,7,2023,1.94551,0.49908,0.09947,72068150.88232,0.77768
BM,1,1960,2.88095,0.40298,0.3114,982.12943,0.99745
BM,2,1970,1.96695,0.23368,0.19202,115164.90069,0.89872
BM,3,1980,1.58883,0.1098,0.11048,7412.94141,0.741
BM,4,1990,1.56796,0.11823,0.06449,5271.57237,0.66481
BM,5,2000,1.51554,0.10804,0.03917,98570.37868,0.79615
BM,6,2010,1.49436,0.10101,0.00695,9829400.45929,0.72608
BM,7,2023,1.45866,0.08952,-0.00097,432525.80099,0.76205
BW,1,1960,7.89988,1.0656,0.50567,1601761.03253,0.76632
BW,2,1970,6.04647,0.97756,0.41285,2166368.95896,0.7529
BW,3,1980,3.36398,0.75685,0.22863,293379679.40291,0.72854
BW,4,1990,2.76662,0.69486,0.14253,10254197299.06376,0.69647
BW,5,2000,2.37788,0.553,0.11978,5127290652.72081,0.91808
BW,6,2010,2.54595,0.60095,0.10481,2121963.7738,0.85233
BW,7,2023,2.3722,0.5429,0.11013,2597153.1849,0.84479
